set	m	cls	span	len	nonRT_cds_frac	rt_orf_overlap	ref	IoU
DN3_01_VII-A1	m00	UNMATCHED	-561..-268	294	1.01	0.0		
DN3_01_VII-A1	m01	UNMATCHED	-510..-216	295	0.84	0.0		
DN3_01_VII-A1	m02	UNMATCHED	-514..-252	263	1.0	0.0		
DN3_01_VII-A1	m03	UNMATCHED	-534..-271	264	0.0	0.0		
DN3_01_VII-A1	m04	UNMATCHED	-485..-201	285	0.0	0.0		
DN3_01_VII-A1	m05	UNMATCHED	-505..-233	273	0.35	0.0		
DN3_01_VII-A1	m06	UNMATCHED	-541..-248	294	1.0	0.0		
MIX_05_XIII	m00	MATCHED_L	-477..-1	477	0.65	0.0	-264..-32	0.4884696016771488
MIX_05_XIII	m01	MATCHED_L	-448..-3	446	0.33	0.0	-243..-18	0.5067264573991032
MIX_05_XIII	m02	MATCHED_L	-494..-34	461	0.2	0.0	-346..-114	0.5054229934924078
MIX_05_XIII	m03	UNMATCHED	-498..16	515	0.97	17.0		
MIX_05_XIII	m04	UNMATCHED	-414..-15	400	1.0	0.0		
MIX_05_XIII	m05	UNMATCHED	-494..57	552	0.88	58.0		
MIX_05_XIII	m06	UNMATCHED	-442..56	499	0.89	57.0		
MIX_05_XIII	m07	MATCHED_L	-495..15	511	0.2	16.0	-272..-29	0.4774951076320939
MIX_05_XIII	m08	UNMATCHED	-462..39	502	0.45	40.0		
MIX_05_XIII	m09	MATCHED_L	-475..42	518	0.36	43.0	-277..-36	0.4671814671814672
MIX_05_XIII	m10	UNMATCHED	-481..16	498	0.68	17.0		
MIX_05_XIII	m11	UNMATCHED	-510..32	543	0.95	33.0		
MIX_05_XIII	m12	MATCHED_L	-461..-16	446	0.0	0.0	-317..-93	0.5044843049327354
MIX_05_XIII	m13	MATCHED_L	-507..31	539	0.42	32.0	-246..-18	0.424860853432282
MIX_05_XIII	m14	UNMATCHED	-435..8	444	0.56	9.0		
MIX_05_XIII	m15	MATCHED_L	-471..16	488	0.42	17.0	-235..-17	0.4487704918032787
