idx	resnum	icode	resname	bb_complete	break_before	A_dsspnum	A_ss8	A_ss3	A_sheet	A_bp1_idx	A_bp2_idx	B_ss3
0	249		THR	1	1	1	-	C		-1	-1	C
1	250		TRP	1	0	2	-	C		-1	-1	C
2	251		LYS	1	0	3	-	C		-1	-1	C
3	252		LEU	1	0	4	-	C		-1	-1	C
4	253		ASN	1	0	5	-	C		-1	-1	C
5	254		ASN	1	0	6	G	H		-1	-1	H
6	255		LEU	1	0	7	G	H		-1	-1	H
7	256		LEU	1	0	8	G	H		-1	-1	H
8	257		LEU	1	0	9	G	H		-1	-1	H
9	258		ASN	1	0	10	G	H		-1	-1	H
10	259		ASP	1	0	11	-	C		-1	-1	C
11	260		TYR	1	0	12	H	H		-1	-1	H
12	261		TRP	1	0	13	H	H		-1	-1	H
13	262		VAL	1	0	14	H	H		-1	-1	H
14	263		HIS	1	0	15	H	H		-1	-1	H
15	264		ASN	1	0	16	H	H		-1	-1	H
16	265		GLU	1	0	17	H	H		-1	-1	H
17	266		MET	1	0	18	H	H		-1	-1	H
18	267		LYS	1	0	19	H	H		-1	-1	H
19	268		ALA	1	0	20	H	H		-1	-1	H
20	269		GLU	1	0	21	H	H		-1	-1	H
21	270		ILE	1	0	22	H	H		-1	-1	H
22	271		LYS	1	0	23	H	H		-1	-1	H
23	272		MET	1	0	24	H	H		-1	-1	H
24	273		PHE	1	0	25	H	H		-1	-1	H
25	274		PHE	1	0	26	H	H		-1	-1	H
26	275		GLU	1	0	27	H	H		-1	-1	H
27	276		THR	1	0	28	H	H		-1	-1	H
28	277		ASN	1	0	29	H	H		-1	-1	H
29	278		GLU	1	0	30	-	C		-1	-1	C
30	279		ASN	1	0	31	S	C		-1	-1	C
31	280		LYS	1	0	32	T	C		-1	-1	C
32	281		ASP	1	0	33	T	C		-1	-1	C
33	282		THR	1	0	34	S	C		-1	-1	C
34	283		THR	1	0	35	-	C		-1	-1	C
35	284		TYR	1	0	36	H	H		-1	-1	H
36	285		GLN	1	0	37	H	H		-1	-1	H
37	286		ASN	1	0	38	H	H		-1	-1	H
38	287		LEU	1	0	39	H	H		-1	-1	H
39	288		TRP	1	0	40	H	H		-1	-1	H
40	289		ASP	1	0	41	H	H		-1	-1	H
41	290		ALA	1	0	42	H	H		-1	-1	H
42	291		PHE	1	0	43	H	H		-1	-1	H
43	292		LYS	1	0	44	H	H		-1	-1	H
44	293		ALA	1	0	45	H	H		-1	-1	H
45	294		VAL	1	0	46	H	H		-1	-1	H
46	295		CYS	1	0	47	H	H		-1	-1	H
47	296		ARG	1	0	48	H	H		-1	-1	H
48	297		GLY	1	0	49	H	H		-1	-1	H
49	298		LYS	1	0	50	H	H		-1	-1	H
50	299		PHE	1	0	51	H	H		-1	-1	H
51	300		ILE	1	0	52	H	H		-1	-1	H
52	301		ALA	1	0	53	H	H		-1	-1	H
53	302		LEU	1	0	54	H	H		-1	-1	H
54	303		ASN	1	0	55	H	H		-1	-1	H
55	304		ALA	1	0	56	H	H		-1	-1	H
56	305		TYR	1	0	57	H	H		-1	-1	H
57	306		LYS	1	0	58	H	H		-1	-1	H
58	307		ARG	1	0	59	H	H		-1	-1	H
59	308		LYS	1	0	60	H	H		-1	-1	H
60	309		GLN	1	0	61	H	H		-1	-1	H
61	310		GLU	1	0	62	H	H		-1	-1	H
62	311		ARG	1	0	63	H	H		-1	-1	C
63	312		SER	1	0	64	H	H		-1	-1	H
64	313		LYS	1	0	65	H	H		-1	-1	H
65	314		ILE	1	0	66	H	H		-1	-1	H
66	315		ASP	1	0	67	H	H		-1	-1	H
67	316		THR	1	0	68	H	H		-1	-1	H
68	317		LEU	1	0	69	H	H		-1	-1	H
69	318		THR	1	0	70	H	H		-1	-1	H
70	319		SER	1	0	71	H	H		-1	-1	H
71	320		GLN	1	0	72	H	H		-1	-1	H
72	321		LEU	1	0	73	H	H		-1	-1	H
73	322		LYS	1	0	74	H	H		-1	-1	H
74	323		GLU	1	0	75	H	H		-1	-1	H
75	324		LEU	1	0	76	H	H		-1	-1	H
76	325		GLU	1	0	77	H	H		-1	-1	H
77	326		LYS	1	0	78	H	H		-1	-1	H
78	327		GLN	1	0	79	H	H		-1	-1	H
79	328		GLU	1	0	80	H	H		-1	-1	H
80	329		GLN	1	0	81	H	H		-1	-1	H
81	330		THR	1	0	82	H	H		-1	-1	H
82	331		HIS	1	0	83	S	C		-1	-1	C
83	332		SER	1	0	84	-	C		-1	-1	C
84	333		LYS	1	0	85	-	C		-1	-1	C
85	334		ALA	1	0	86	H	H		-1	-1	H
86	335		SER	1	0	87	H	H		-1	-1	H
87	336		ARG	1	0	88	H	H		-1	-1	H
88	337		ARG	1	0	89	H	H		-1	-1	H
89	338		GLN	1	0	90	H	H		-1	-1	H
90	339		GLU	1	0	91	H	H		-1	-1	H
91	340		ILE	1	0	92	H	H		-1	-1	H
92	341		THR	1	0	93	H	H		-1	-1	H
93	342		LYS	1	0	94	H	H		-1	-1	H
94	343		ILE	1	0	95	H	H		-1	-1	H
95	344		ARG	1	0	96	H	H		-1	-1	H
96	345		ALA	1	0	97	H	H		-1	-1	H
97	346		GLU	1	0	98	H	H		-1	-1	H
98	347		LEU	1	0	99	H	H		-1	-1	H
99	348		LYS	1	0	100	H	H		-1	-1	H
100	349		GLU	1	0	101	H	H		-1	-1	H
101	350		ILE	1	0	102	H	H		-1	-1	H
102	351		GLU	1	0	103	H	H		-1	-1	H
103	352		THR	1	0	104	H	H		-1	-1	H
104	353		GLN	1	0	105	H	H		-1	-1	H
105	354		LYS	1	0	106	H	H		-1	-1	H
106	355		THR	1	0	107	H	H		-1	-1	H
107	356		LEU	1	0	108	H	H		-1	-1	H
108	357		GLN	1	0	109	H	H		-1	-1	H
109	358		LYS	1	0	110	H	H		-1	-1	H
110	359		ILE	1	0	111	H	H		-1	-1	H
111	360		ASN	1	0	112	H	H		-1	-1	H
112	361		GLU	1	0	113	H	H		-1	-1	H
113	362		SER	1	0	114	H	H		-1	-1	H
114	363		ARG	1	0	115	H	H		-1	-1	H
115	364		SER	1	0	116	H	H		-1	-1	H
116	365		TRP	1	0	117	H	H		-1	-1	H
117	366		PHE	1	0	118	H	H		-1	-1	H
118	367		PHE	1	0	119	H	H		-1	-1	H
119	368		GLU	1	0	120	H	H		-1	-1	H
120	369		ARG	1	0	121	H	H		-1	-1	H
121	370		ILE	1	0	122	T	C		-1	-1	C
122	371		ASN	1	0	123	T	C		-1	-1	C
123	372		LYS	1	0	124	S	C		-1	-1	C
124	373		ILE	1	0	125	S	C		-1	-1	C
125	374		ASP	1	0	126	S	C		-1	-1	C
126	375		ARG	1	0	127	H	H		-1	-1	H
127	376		PRO	1	0	128	H	H		-1	-1	H
128	377		LEU	1	0	129	H	H		-1	-1	H
129	378		ALA	1	0	130	H	H		-1	-1	H
130	379		ARG	1	0	131	H	H		-1	-1	H
131	380		LEU	1	0	132	H	H		-1	-1	H
132	381		ILE	1	0	133	H	H		-1	-1	H
133	382		LYS	1	0	134	S	C		-1	-1	C
134	383		LYS	1	0	135	P	C		-1	-1	C
135	384		LYS	1	0	136	P	C		-1	-1	C
136	385		ARG	1	0	137	P	C		-1	-1	C
137	386		GLU	1	0	138	P	C		-1	-1	C
138	387		LYS	1	0	139	-	C		-1	-1	C
139	388		ASN	1	0	140	-	C		-1	-1	C
140	389		GLN	1	0	141	-	C		-1	-1	C
141	390		ILE	1	0	142	-	C		-1	-1	C
142	391		ASP	1	0	143	S	C		-1	-1	C
143	392		THR	1	0	144	-	C		-1	-1	C
144	393		ILE	1	0	145	E	E	A	152	-1	E
145	394		LYS	1	0	146	E	E	A	151	-1	E
146	395		ASN	1	0	147	-	C		-1	-1	C
147	396		ASP	1	0	148	T	C		-1	-1	C
148	397		LYS	1	0	149	T	C		-1	-1	C
149	398		GLY	1	0	150	S	C		-1	-1	C
150	399		ASP	1	0	151	-	C		-1	-1	C
151	400		ILE	1	0	152	E	E	A	145	-1	E
152	401		THR	1	0	153	E	E	A	144	-1	E
153	402		THR	1	0	154	-	C		-1	-1	C
154	403		ASP	1	0	155	-	C		-1	-1	C
155	404		PRO	1	0	156	H	H		-1	-1	H
156	405		THR	1	0	157	H	H		-1	-1	H
157	406		GLU	1	0	158	H	H		-1	-1	H
158	407		ILE	1	0	159	H	H		-1	-1	H
159	408		GLN	1	0	160	H	H		-1	-1	H
160	409		THR	1	0	161	H	H		-1	-1	H
161	410		THR	1	0	162	H	H		-1	-1	H
162	411		ILE	1	0	163	H	H		-1	-1	H
163	412		ARG	1	0	164	H	H		-1	-1	H
164	413		GLU	1	0	165	H	H		-1	-1	H
165	414		TYR	1	0	166	H	H		-1	-1	H
166	415		TYR	1	0	167	H	H		-1	-1	H
167	416		LYS	1	0	168	H	H		-1	-1	H
168	417		HIS	1	0	169	H	H		-1	-1	H
169	418		LEU	1	0	170	H	H		-1	-1	H
170	419		TYR	1	0	171	T	C		-1	-1	C
171	420		ALA	1	0	172	T	C		-1	-1	C
172	421		ASN	1	0	173	-	C		-1	-1	C
173	422		LYS	1	0	174	-	C		-1	-1	C
174	423		LEU	1	0	175	-	C		-1	-1	C
175	424		GLU	1	0	176	-	C		-1	-1	C
176	425		ASN	1	0	177	-	C		-1	-1	C
177	426		LEU	1	0	178	H	H		-1	-1	H
178	427		GLU	1	0	179	H	H		-1	-1	H
179	428		GLU	1	0	180	H	H		-1	-1	H
180	429		MET	1	0	181	H	H		-1	-1	H
181	430		ASP	1	0	182	H	H		-1	-1	H
182	431		THR	1	0	183	H	H		-1	-1	H
183	432		PHE	1	0	184	H	H		-1	-1	H
184	433		LEU	1	0	185	H	H		-1	-1	H
185	434		ASP	1	0	186	H	H		-1	-1	H
186	435		THR	1	0	187	H	H		-1	-1	C
187	436		TYR	1	0	188	S	C		-1	-1	C
188	437		THR	1	0	189	-	C		-1	-1	C
189	438		LEU	1	0	190	-	C		-1	-1	C
190	439		PRO	1	0	191	-	C		-1	-1	C
191	440		ARG	1	0	192	-	C		-1	-1	C
192	441		LEU	1	0	193	-	C		-1	-1	C
193	442		ASN	1	0	194	-	C		-1	-1	C
194	443		GLN	1	0	195	H	H		-1	-1	H
195	444		GLU	1	0	196	H	H		-1	-1	H
196	445		GLU	1	0	197	H	H		-1	-1	H
197	446		VAL	1	0	198	H	H		-1	-1	H
198	447		GLU	1	0	199	H	H		-1	-1	H
199	448		SER	1	0	200	H	H		-1	-1	H
200	449		LEU	1	0	201	H	H		-1	-1	H
201	450		ASN	1	0	202	T	C		-1	-1	C
202	451		ARG	1	0	203	S	C		-1	-1	C
203	452		PRO	1	0	204	P	C		-1	-1	C
204	453		ILE	1	0	205	P	C		-1	-1	C
205	454		THR	1	0	206	-	C		-1	-1	C
206	455		GLY	1	0	207	H	H		-1	-1	H
207	456		SER	1	0	208	H	H		-1	-1	H
208	457		GLU	1	0	209	H	H		-1	-1	H
209	458		ILE	1	0	210	H	H		-1	-1	H
210	459		VAL	1	0	211	H	H		-1	-1	H
211	460		ALA	1	0	212	H	H		-1	-1	H
212	461		ILE	1	0	213	H	H		-1	-1	H
213	462		ILE	1	0	214	H	H		-1	-1	H
214	463		ASN	1	0	215	H	H		-1	-1	H
215	464		SER	1	0	216	T	C		-1	-1	C
216	465		LEU	1	0	217	P	C		-1	-1	C
217	466		PRO	1	0	218	P	C		-1	-1	C
218	467		THR	1	0	219	S	C		-1	-1	C
219	468		LYS	1	0	220	S	C		-1	-1	C
220	469		LYS	1	0	221	P	C		-1	-1	C
221	470		SER	1	0	222	P	C		-1	-1	C
222	471		PRO	1	0	223	P	C		-1	-1	C
223	472		GLY	1	0	224	-	C		-1	-1	C
224	473		PRO	1	0	225	T	C		-1	-1	C
225	474		ASP	1	0	226	T	C		-1	-1	C
226	475		GLY	1	0	227	-	C		-1	-1	C
227	476		PHE	1	0	228	-	C		-1	-1	C
228	477		THR	1	0	229	-	C		-1	-1	C
229	478		ALA	1	0	230	H	H		-1	-1	H
230	479		GLU	1	0	231	H	H		-1	-1	H
231	480		PHE	1	0	232	H	H		-1	-1	H
232	481		TYR	1	0	233	H	H		-1	-1	H
233	482		GLN	1	0	234	H	H		-1	-1	H
234	483		ARG	1	0	235	H	H		-1	-1	H
235	484		TYR	1	0	236	H	H		-1	-1	C
236	485		LYS	1	0	237	H	H		-1	-1	H
237	486		GLU	1	0	238	H	H		-1	-1	H
238	487		GLU	1	0	239	H	H		-1	-1	H
239	488		LEU	1	0	240	H	H		-1	-1	H
240	489		VAL	1	0	241	H	H		-1	-1	H
241	490		PRO	1	0	242	H	H		-1	-1	H
242	491		PHE	1	0	243	H	H		-1	-1	H
243	492		LEU	1	0	244	H	H		-1	-1	H
244	493		LEU	1	0	245	H	H		-1	-1	H
245	494		LYS	1	0	246	H	H		-1	-1	H
246	495		LEU	1	0	247	H	H		-1	-1	H
247	496		PHE	1	0	248	H	H		-1	-1	H
248	497		GLN	1	0	249	H	H		-1	-1	H
249	498		SER	1	0	250	H	H		-1	-1	H
250	499		ILE	1	0	251	H	H		-1	-1	H
251	500		GLU	1	0	252	H	H		-1	-1	H
252	501		LYS	1	0	253	H	H		-1	-1	H
253	502		GLU	1	0	254	H	H		-1	-1	H
254	503		GLY	1	0	255	-	C		-1	-1	C
255	504		ILE	1	0	256	-	C		-1	-1	C
256	505		LEU	1	0	257	-	C		-1	-1	C
257	506		PRO	1	0	258	-	C		-1	-1	C
258	507		ASN	1	0	259	G	H		-1	-1	H
259	508		SER	1	0	260	G	H		-1	-1	H
260	509		PHE	1	0	261	G	H		-1	-1	H
261	510		TYR	1	0	262	G	H		-1	-1	H
262	511		GLU	1	0	263	E	E	B	389	-1	E
263	512		ALA	1	0	264	E	E	B	390	287	E
264	513		SER	1	0	265	E	E	B	391	286	E
265	514		ILE	1	0	266	E	E	B	392	285	E
266	515		ILE	1	0	267	E	E	B	-1	284	E
267	516		LEU	1	0	268	E	E	B	-1	283	E
268	517		ILE	1	0	269	E	E	B	-1	282	E
269	518		PRO	1	0	270	E	E	B	-1	281	E
270	519		LYS	1	0	271	P	C		-1	-1	C
271	520		PRO	1	0	272	T	C		-1	-1	C
272	521		GLY	1	0	273	T	C		-1	-1	C
273	522		ARG	1	0	274	S	C		-1	-1	C
274	523		ASP	1	0	275	-	C		-1	-1	C
275	524		THR	1	0	276	S	C		-1	-1	C
276	525		THR	1	0	277	S	C		-1	-1	C
277	526		LYS	1	0	278	-	C		-1	-1	C
278	527		LYS	1	0	279	G	H		-1	-1	H
279	528		GLU	1	0	280	G	H		-1	-1	H
280	529		ASN	1	0	281	G	H		-1	-1	H
281	530		PHE	1	0	282	E	E	B	269	-1	E
282	531		ARG	1	0	283	E	E	B	268	-1	E
283	532		PRO	1	0	284	E	E	B	267	-1	E
284	533		ILE	1	0	285	E	E	B	266	-1	E
285	534		SER	1	0	286	E	E	B	265	-1	E
286	535		LEU	1	0	287	E	E	B	264	-1	E
287	536		MET	1	0	288	E	E	B	263	-1	E
288	537		ASN	1	0	289	-	C		-1	-1	C
289	538		ILE	1	0	290	H	H		-1	-1	H
290	539		ASP	1	0	291	H	H		-1	-1	H
291	540		ALA	1	0	292	H	H		-1	-1	H
292	541		LYS	1	0	293	H	H		-1	-1	H
293	542		ILE	1	0	294	H	H		-1	-1	H
294	543		LEU	1	0	295	H	H		-1	-1	H
295	544		ASN	1	0	296	H	H		-1	-1	H
296	545		LYS	1	0	297	H	H		-1	-1	H
297	546		ILE	1	0	298	H	H		-1	-1	H
298	547		LEU	1	0	299	H	H		-1	-1	H
299	548		ALA	1	0	300	H	H		-1	-1	H
300	549		ASN	1	0	301	H	H		-1	-1	H
301	550		ARG	1	0	302	H	H		-1	-1	H
302	551		ILE	1	0	303	H	H		-1	-1	H
303	552		GLN	1	0	304	H	H		-1	-1	H
304	553		GLN	1	0	305	H	H		-1	-1	H
305	554		HIS	1	0	306	H	H		-1	-1	C
306	555		ILE	1	0	307	H	H		-1	-1	H
307	556		LYS	1	0	308	H	H		-1	-1	H
308	557		LYS	1	0	309	H	H		-1	-1	H
309	558		LEU	1	0	310	H	H		-1	-1	H
310	559		ILE	1	0	311	S	C		-1	-1	C
311	560		HIS	1	0	312	-	C		-1	-1	C
312	561		HIS	1	0	313	T	C		-1	-1	C
313	562		ASP	1	0	314	T	C		-1	-1	C
314	563		GLN	1	0	315	B	E	C	450	-1	E
315	564		VAL	1	0	316	-	C		-1	-1	C
316	565		GLY	1	0	317	T	C		-1	-1	C
317	566		PHE	1	0	318	T	C		-1	-1	C
318	567		ILE	1	0	319	-	C		-1	-1	C
319	568		PRO	1	0	320	T	C		-1	-1	C
320	569		GLY	1	0	321	T	C		-1	-1	C
321	570		MET	1	0	322	-	C		-1	-1	C
322	571		GLN	1	0	323	-	C		-1	-1	C
323	572		GLY	1	0	324	T	C		-1	-1	C
324	573		TRP	1	0	325	H	H		-1	-1	H
325	574		PHE	1	0	326	H	H		-1	-1	H
326	575		ASN	1	0	327	H	H		-1	-1	H
327	576		ILE	1	0	328	H	H		-1	-1	H
328	577		ARG	1	0	329	H	H		-1	-1	H
329	578		LYS	1	0	330	H	H		-1	-1	H
330	579		SER	1	0	331	H	H		-1	-1	H
331	580		ILE	1	0	332	H	H		-1	-1	H
332	581		ASN	1	0	333	H	H		-1	-1	H
333	582		VAL	1	0	334	H	H		-1	-1	H
334	583		ILE	1	0	335	H	H		-1	-1	H
335	584		GLN	1	0	336	H	H		-1	-1	H
336	585		HIS	1	0	337	H	H		-1	-1	H
337	586		ILE	1	0	338	H	H		-1	-1	H
338	587		ASN	1	0	339	H	H		-1	-1	H
339	588		ARG	1	0	340	H	H		-1	-1	H
340	589		ALA	1	0	341	-	C		-1	-1	C
341	590		LYS	1	0	342	S	C		-1	-1	C
342	591		ASP	1	0	343	S	C		-1	-1	C
343	592		LYS	1	0	344	-	C		-1	-1	C
344	593		ASN	1	0	345	E	E	C	495	-1	E
345	594		HIS	1	0	346	E	E	C	494	460	E
346	595		MET	1	0	347	E	E	C	493	459	E
347	596		ILE	1	0	348	E	E	C	492	458	E
348	597		ILE	1	0	349	E	E	C	491	457	E
349	598		SER	1	0	350	E	E	C	490	456	E
350	599		ILE	1	0	351	E	E	C	-1	455	E
351	600		ASP	1	0	352	E	E	C	-1	454	E
352	601		ALA	1	0	353	B	E	D	484	-1	E
353	602		GLU	1	0	354	T	C		-1	-1	C
354	603		LYS	1	0	355	T	C		-1	-1	C
355	604		ALA	1	0	356	T	C		-1	-1	H
356	605		PHE	1	0	357	T	C		-1	-1	H
357	606		ASP	1	0	358	T	C		-1	-1	H
358	607		LYS	1	0	359	S	C		-1	-1	H
359	608		ILE	1	0	360	-	C		-1	-1	C
360	609		GLN	1	0	361	-	C		-1	-1	C
361	610		GLN	1	0	362	H	H		-1	-1	H
362	611		PRO	1	0	363	H	H		-1	-1	H
363	612		PHE	1	0	364	H	H		-1	-1	H
364	613		MET	1	0	365	H	H		-1	-1	H
365	614		LEU	1	0	366	H	H		-1	-1	H
366	615		LYS	1	0	367	H	H		-1	-1	H
367	616		THR	1	0	368	H	H		-1	-1	H
368	617		LEU	1	0	369	H	H		-1	-1	H
369	618		ASN	1	0	370	H	H		-1	-1	H
370	619		LYS	1	0	371	H	H		-1	-1	H
371	620		LEU	1	0	372	H	H		-1	-1	H
372	621		GLY	1	0	373	T	C		-1	-1	C
373	622		ILE	1	0	374	-	C		-1	-1	C
374	623		ASP	1	0	375	-	C		-1	-1	C
375	624		GLY	1	0	376	S	C		-1	-1	C
376	625		THR	1	0	377	H	H		-1	-1	H
377	626		TYR	1	0	378	H	H		-1	-1	H
378	627		PHE	1	0	379	H	H		-1	-1	H
379	628		LYS	1	0	380	H	H		-1	-1	H
380	629		ILE	1	0	381	H	H		-1	-1	H
381	630		ILE	1	0	382	H	H		-1	-1	H
382	631		ARG	1	0	383	H	H		-1	-1	H
383	632		ALA	1	0	384	H	H		-1	-1	H
384	633		ILE	1	0	385	H	H		-1	-1	H
385	634		TYR	1	0	386	T	C		-1	-1	C
386	635		ASP	1	0	387	T	C		-1	-1	C
387	636		LYS	1	0	388	S	C		-1	-1	C
388	637		PRO	1	0	389	-	C		-1	-1	C
389	638		THR	1	0	390	E	E	B	262	403	E
390	639		ALA	1	0	391	E	E	B	263	402	E
391	640		ASN	1	0	392	E	E	B	264	-1	E
392	641		ILE	1	0	393	E	E	B	265	-1	E
393	642		ILE	1	0	394	E	E	E	398	-1	E
394	643		LEU	1	0	395	E	E	E	397	-1	E
395	644		ASN	1	0	396	T	C		-1	-1	C
396	645		GLY	1	0	397	T	C		-1	-1	C
397	646		GLN	1	0	398	E	E	E	394	-1	E
398	647		LYS	1	0	399	E	E	E	393	-1	E
399	648		LEU	1	0	400	P	C		-1	-1	C
400	649		GLU	1	0	401	P	C		-1	-1	C
401	650		ALA	1	0	402	P	C		-1	-1	C
402	651		PHE	1	0	403	E	E	B	390	-1	E
403	652		PRO	1	0	404	E	E	B	389	-1	E
404	653		LEU	1	0	405	-	C		-1	-1	C
405	654		LYS	1	0	406	-	C		-1	-1	C
406	655		THR	1	0	407	S	C		-1	-1	C
407	656		GLY	1	0	408	S	C		-1	-1	C
408	657		THR	1	0	409	-	C		-1	-1	C
409	658		ARG	1	0	410	-	C		-1	-1	C
410	659		GLN	1	0	411	T	C		-1	-1	C
411	660		GLY	1	0	412	T	C		-1	-1	C
412	661		CYS	1	0	413	-	C		-1	-1	C
413	662		PRO	1	0	414	T	C		-1	-1	C
414	663		LEU	1	0	415	T	C		-1	-1	C
415	664		SER	1	0	416	H	H		-1	-1	H
416	665		PRO	1	0	417	H	H		-1	-1	H
417	666		LEU	1	0	418	H	H		-1	-1	H
418	667		LEU	1	0	419	H	H		-1	-1	H
419	668		PHE	1	0	420	H	H		-1	-1	H
420	669		ASN	1	0	421	H	H		-1	-1	H
421	670		ILE	1	0	422	H	H		-1	-1	H
422	671		VAL	1	0	423	H	H		-1	-1	H
423	672		LEU	1	0	424	H	H		-1	-1	H
424	673		GLU	1	0	425	H	H		-1	-1	H
425	674		VAL	1	0	426	H	H		-1	-1	H
426	675		LEU	1	0	427	H	H		-1	-1	H
427	676		ALA	1	0	428	H	H		-1	-1	H
428	677		ARG	1	0	429	H	H		-1	-1	H
429	678		ALA	1	0	430	H	H		-1	-1	H
430	679		ILE	1	0	431	H	H		-1	-1	H
431	680		ARG	1	0	432	H	H		-1	-1	H
432	681		GLN	1	0	433	H	H		-1	-1	H
433	682		GLU	1	0	434	-	C		-1	-1	C
434	683		LYS	1	0	435	T	C		-1	-1	C
435	684		GLU	1	0	436	T	C		-1	-1	C
436	685		ILE	1	0	437	S	C		-1	-1	C
437	686		LYS	1	0	438	-	C		-1	-1	C
438	687		GLY	1	0	439	-	C		-1	-1	C
439	688		ILE	1	0	440	E	E	F	446	-1	E
440	689		GLN	1	0	441	E	E	F	445	-1	E
441	690		LEU	1	0	442	E	E	F	444	-1	E
442	691		GLY	1	0	443	T	C		-1	-1	C
443	692		LYS	1	0	444	T	C		-1	-1	C
444	693		GLU	1	0	445	E	E	F	441	-1	E
445	694		GLU	1	0	446	E	E	F	440	-1	E
446	695		VAL	1	0	447	E	E	F	439	-1	E
447	696		LYS	1	0	448	-	C		-1	-1	C
448	697		LEU	1	0	449	E	E	C	-1	457	E
449	698		SER	1	0	450	E	E	C	-1	456	E
450	699		LEU	1	0	451	E	E	C	314	455	E
451	700		PHE	1	0	452	E	E	C	-1	454	E
452	701		ALA	1	0	453	T	C		-1	-1	C
453	702		ASP	1	0	454	T	C		-1	-1	C
454	703		ASP	1	0	455	E	E	C	351	451	E
455	704		MET	1	0	456	E	E	C	350	450	E
456	705		ILE	1	0	457	E	E	C	349	449	E
457	706		VAL	1	0	458	E	E	C	348	448	E
458	707		TYR	1	0	459	E	E	C	347	-1	E
459	708		LEU	1	0	460	E	E	C	346	-1	E
460	709		GLU	1	0	461	E	E	C	345	-1	E
461	710		ASN	1	0	462	S	C		-1	-1	C
462	711		PRO	1	0	463	H	H		-1	-1	H
463	712		ILE	1	0	464	H	H		-1	-1	H
464	713		VAL	1	0	465	H	H		-1	-1	H
465	714		SER	1	0	466	H	H		-1	-1	H
466	715		ALA	1	0	467	H	H		-1	-1	H
467	716		GLN	1	0	468	H	H		-1	-1	H
468	717		ASN	1	0	469	H	H		-1	-1	H
469	718		LEU	1	0	470	H	H		-1	-1	H
470	719		LEU	1	0	471	H	H		-1	-1	H
471	720		LYS	1	0	472	H	H		-1	-1	H
472	721		LEU	1	0	473	H	H		-1	-1	H
473	722		ILE	1	0	474	H	H		-1	-1	H
474	723		SER	1	0	475	H	H		-1	-1	H
475	724		ASN	1	0	476	H	H		-1	-1	H
476	725		PHE	1	0	477	H	H		-1	-1	H
477	726		SER	1	0	478	H	H		-1	-1	H
478	727		LYS	1	0	479	H	H		-1	-1	H
479	728		VAL	1	0	480	H	H		-1	-1	H
480	729		SER	1	0	481	H	H		-1	-1	H
481	730		GLY	1	0	482	-	C		-1	-1	C
482	731		TYR	1	0	483	-	C		-1	-1	C
483	732		LYS	1	0	484	-	C		-1	-1	C
484	733		ILE	1	0	485	B	E	D	352	-1	E
485	734		ASN	1	0	486	-	C		-1	-1	C
486	735		VAL	1	0	487	T	C		-1	-1	C
487	736		GLN	1	0	488	T	C		-1	-1	C
488	737		LYS	1	0	489	T	C		-1	-1	C
489	738		SER	1	0	490	-	C		-1	-1	C
490	739		GLN	1	0	491	E	E	C	349	511	E
491	740		ALA	1	0	492	E	E	C	348	512	E
492	741		PHE	1	0	493	E	E	C	347	-1	E
493	742		LEU	1	0	494	E	E	C	346	-1	E
494	743		TYR	1	0	495	E	E	C	345	-1	E
495	744		THR	1	0	496	E	E	C	344	-1	E
496	745		ASN	1	0	497	S	C		-1	-1	C
497	746		ASN	1	0	498	S	C		-1	-1	C
498	747		ARG	1	0	499	H	H		-1	-1	H
499	748		GLN	1	0	500	H	H		-1	-1	H
500	749		THR	1	0	501	H	H		-1	-1	H
501	750		GLU	1	0	502	H	H		-1	-1	H
502	751		SER	1	0	503	H	H		-1	-1	H
503	752		GLN	1	0	504	H	H		-1	-1	H
504	753		ILE	1	0	505	H	H		-1	-1	H
505	754		MET	1	0	506	H	H		-1	-1	H
506	755		GLY	1	0	507	H	H		-1	-1	H
507	756		GLU	1	0	508	H	H		-1	-1	H
508	757		LEU	1	0	509	-	C		-1	-1	C
509	758		PRO	1	0	510	-	C		-1	-1	C
510	759		PHE	1	0	511	P	C		-1	-1	C
511	760		THR	1	0	512	E	E	C	490	-1	E
512	761		ILE	1	0	513	E	E	C	491	-1	E
513	762		ALA	1	0	514	-	C		-1	-1	C
514	763		SER	1	0	515	S	C		-1	-1	C
515	764		LYS	1	0	516	S	C		-1	-1	C
516	765		ARG	1	0	517	E	E	G	525	-1	E
517	766		ILE	1	0	518	E	E	G	524	-1	E
518	767		LYS	1	0	519	E	E	G	523	-1	E
519	768		TYR	1	0	520	E	E	G	522	-1	E
520	769		LEU	1	0	521	T	C		-1	-1	C
521	770		GLY	1	0	522	T	C		-1	-1	C
522	771		ILE	1	0	523	E	E	G	519	-1	E
523	772		GLN	1	0	524	E	E	G	518	-1	E
524	773		LEU	1	0	525	E	E	G	517	-1	E
525	774		THR	1	0	526	E	E	G	516	-1	E
526	775		ARG	1	0	527	S	C		-1	-1	C
527	776		ASP	1	0	528	S	C		-1	-1	C
528	777		VAL	1	0	529	G	H		-1	-1	H
529	778		LYS	1	0	530	G	H		-1	-1	H
530	779		ASP	1	0	531	G	H		-1	-1	H
531	780		LEU	1	0	532	H	H		-1	-1	H
532	781		PHE	1	0	533	I	H		-1	-1	H
533	782		LYS	1	0	534	I	H		-1	-1	H
534	783		GLU	1	0	535	I	H		-1	-1	H
535	784		ASN	1	0	536	I	H		-1	-1	H
536	785		TYR	1	0	537	I	H		-1	-1	H
537	786		LYS	1	0	538	H	H		-1	-1	H
538	787		PRO	1	0	539	H	H		-1	-1	H
539	788		LEU	1	0	540	H	H		-1	-1	H
540	789		LEU	1	0	541	H	H		-1	-1	H
541	790		LYS	1	0	542	H	H		-1	-1	H
542	791		GLU	1	0	543	H	H		-1	-1	H
543	792		ILE	1	0	544	H	H		-1	-1	H
544	793		LYS	1	0	545	H	H		-1	-1	H
545	794		GLU	1	0	546	H	H		-1	-1	H
546	795		GLU	1	0	547	H	H		-1	-1	H
547	796		THR	1	0	548	H	H		-1	-1	H
548	797		ASN	1	0	549	H	H		-1	-1	H
549	798		LYS	1	0	550	H	H		-1	-1	H
550	799		TRP	1	0	551	H	H		-1	-1	H
551	800		LYS	1	0	552	T	C		-1	-1	H
552	801		ASN	1	0	553	T	C		-1	-1	H
553	802		ILE	1	0	554	-	C		-1	-1	C
554	803		PRO	1	0	555	S	C		-1	-1	C
555	804		CYS	1	0	556	-	C		-1	-1	C
556	805		SER	1	0	557	-	C		-1	-1	C
557	806		TRP	1	0	558	H	H		-1	-1	H
558	807		VAL	1	0	559	H	H		-1	-1	H
559	808		GLY	1	0	560	H	H		-1	-1	H
560	809		ARG	1	0	561	H	H		-1	-1	H
561	810		ILE	1	0	562	H	H		-1	-1	H
562	811		ASN	1	0	563	H	H		-1	-1	H
563	812		ILE	1	0	564	H	H		-1	-1	H
564	813		VAL	1	0	565	I	H		-1	-1	H
565	814		LYS	1	0	566	I	H		-1	-1	H
566	815		MET	1	0	567	I	H		-1	-1	H
567	816		ALA	1	0	568	I	H		-1	-1	H
568	817		ILE	1	0	569	I	H		-1	-1	C
569	818		LEU	1	0	570	H	H		-1	-1	H
570	819		PRO	1	0	571	H	H		-1	-1	H
571	820		LYS	1	0	572	H	H		-1	-1	H
572	821		VAL	1	0	573	H	H		-1	-1	H
573	822		ILE	1	0	574	H	H		-1	-1	H
574	823		TYR	1	0	575	H	H		-1	-1	H
575	824		ARG	1	0	576	H	H		-1	-1	H
576	825		PHE	1	0	577	H	H		-1	-1	H
577	826		ASN	1	0	578	H	H		-1	-1	H
578	827		ALA	1	0	579	H	H		-1	-1	H
579	828		ILE	1	0	580	-	C		-1	-1	C
580	829		PRO	1	0	581	-	C		-1	-1	C
581	830		ILE	1	0	582	-	C		-1	-1	C
582	831		LYS	1	0	583	-	C		-1	-1	C
583	832		LEU	1	0	584	-	C		-1	-1	C
584	833		PRO	1	0	585	-	C		-1	-1	C
585	834		MET	1	0	586	H	H		-1	-1	H
586	835		THR	1	0	587	H	H		-1	-1	H
587	836		PHE	1	0	588	H	H		-1	-1	H
588	837		PHE	1	0	589	H	H		-1	-1	H
589	838		THR	1	0	590	H	H		-1	-1	H
590	839		GLU	1	0	591	H	H		-1	-1	H
591	840		LEU	1	0	592	H	H		-1	-1	H
592	841		GLU	1	0	593	H	H		-1	-1	H
593	842		LYS	1	0	594	H	H		-1	-1	H
594	843		THR	1	0	595	H	H		-1	-1	H
595	844		THR	1	0	596	H	H		-1	-1	H
596	845		LEU	1	0	597	H	H		-1	-1	H
597	846		LYS	1	0	598	H	H		-1	-1	H
598	847		PHE	1	0	599	H	H		-1	-1	H
599	848		ILE	1	0	600	H	H		-1	-1	H
600	849		TRP	1	0	601	T	C		-1	-1	C
601	850		ASN	1	0	602	T	C		-1	-1	C
602	851		GLN	1	0	603	T	C		-1	-1	C
603	852		LYS	1	0	604	S	C		-1	-1	C
604	853		ARG	1	0	605	-	C		-1	-1	C
605	854		ALA	1	0	606	-	C		-1	-1	C
606	855		ARG	1	0	607	S	C		-1	-1	C
607	856		ILE	1	0	608	S	C		-1	-1	C
608	857		ALA	1	0	609	-	C		-1	-1	C
609	858		LYS	1	0	610	H	H		-1	-1	H
610	859		SER	1	0	611	H	H		-1	-1	H
611	860		ILE	1	0	612	H	H		-1	-1	H
612	861		LEU	1	0	613	H	H		-1	-1	H
613	862		SER	1	0	614	T	C		-1	-1	C
614	863		GLN	1	0	615	-	C		-1	-1	C
615	864		LYS	1	0	616	T	C		-1	-1	C
616	865		ASN	1	0	617	T	C		-1	-1	C
617	866		LYS	1	0	618	T	C		-1	-1	C
618	867		ALA	1	0	619	G	H		-1	-1	H
619	868		GLY	1	0	620	G	H		-1	-1	H
620	869		GLY	1	0	621	G	H		-1	-1	H
621	870		ILE	1	0	622	-	C		-1	-1	C
622	871		THR	1	0	623	-	C		-1	-1	C
623	872		LEU	1	0	624	-	C		-1	-1	C
624	873		PRO	1	0	625	-	C		-1	-1	C
625	874		ASP	1	0	626	-	C		-1	-1	C
626	875		PHE	1	0	627	H	H		-1	-1	H
627	876		LYS	1	0	628	H	H		-1	-1	H
628	877		LEU	1	0	629	H	H		-1	-1	H
629	878		TYR	1	0	630	H	H		-1	-1	H
630	879		TYR	1	0	631	H	H		-1	-1	H
631	880		LYS	1	0	632	H	H		-1	-1	H
632	881		ALA	1	0	633	H	H		-1	-1	H
633	882		THR	1	0	634	H	H		-1	-1	H
634	883		VAL	1	0	635	H	H		-1	-1	H
635	884		THR	1	0	636	H	H		-1	-1	H
636	885		LYS	1	0	637	T	C		-1	-1	H
637	886		THR	1	0	638	H	H		-1	-1	H
638	887		ALA	1	0	639	H	H		-1	-1	H
639	888		TRP	1	0	640	H	H		-1	-1	H
640	889		TYR	1	0	641	H	H		-1	-1	H
641	890		TRP	1	0	642	H	H		-1	-1	H
642	891		TYR	1	0	643	H	H		-1	-1	H
643	892		GLN	1	0	644	H	H		-1	-1	H
644	893		ASN	1	0	645	-	C		-1	-1	C
645	894		ARG	1	0	646	-	C		-1	-1	C
646	895		ASP	1	0	647	T	C		-1	-1	C
647	896		ILE	1	0	648	T	C		-1	-1	C
648	897		ASP	1	0	649	-	C		-1	-1	C
649	898		GLN	1	0	650	T	C		-1	-1	C
650	899		TRP	1	0	651	T	C		-1	-1	C
651	900		ASN	1	0	652	G	H		-1	-1	H
652	901		ARG	1	0	653	G	H		-1	-1	H
653	902		THR	1	0	654	G	H		-1	-1	H
654	903		GLU	1	0	655	S	C		-1	-1	C
655	904		PRO	1	0	656	-	C		-1	-1	C
656	905		SER	1	0	657	-	C		-1	-1	C
657	906		GLU	1	0	658	S	C		-1	-1	C
658	907		ILE	1	0	659	S	C		-1	-1	C
659	908		MET	1	0	660	-	C		-1	-1	C
660	909		PRO	1	0	661	S	C		-1	-1	C
661	910		HIS	1	0	662	S	C		-1	-1	C
662	911		ILE	1	0	663	H	H		-1	-1	H
663	912		TYR	1	0	664	H	H		-1	-1	H
664	913		ASN	1	0	665	H	H		-1	-1	H
665	914		TYR	1	0	666	H	H		-1	-1	H
666	915		LEU	1	0	667	H	H		-1	-1	H
667	916		ILE	1	0	668	T	C		-1	-1	C
668	917		PHE	1	0	669	T	C		-1	-1	C
669	918		ASP	1	0	670	S	C		-1	-1	C
670	919		LYS	1	0	671	P	C		-1	-1	C
671	920		PRO	1	0	672	P	C		-1	-1	C
672	921		GLU	1	0	673	P	C		-1	-1	C
673	922		LYS	1	0	674	S	C		-1	-1	C
674	923		ASN	1	0	675	-	C		-1	-1	C
675	924		LYS	1	0	676	-	C		-1	-1	C
676	925		GLN	1	0	677	-	C		-1	-1	C
677	926		TRP	1	0	678	T	C		-1	-1	C
678	927		GLY	1	0	679	T	C		-1	-1	C
679	928		LYS	1	0	680	S	C		-1	-1	C
680	929		ASP	1	0	681	S	C		-1	-1	C
681	930		SER	1	0	682	-	C		-1	-1	C
682	931		LEU	1	0	683	S	C		-1	-1	C
683	932		PHE	1	0	684	S	C		-1	-1	C
684	933		ASN	1	0	685	H	H		-1	-1	H
685	934		LYS	1	0	686	H	H		-1	-1	H
686	935		TRP	1	0	687	H	H		-1	-1	H
687	936		CYS	1	0	688	H	H		-1	-1	H
688	937		TRP	1	0	689	H	H		-1	-1	H
689	938		GLU	1	0	690	H	H		-1	-1	H
690	939		ASN	1	0	691	H	H		-1	-1	H
691	940		TRP	1	0	692	H	H		-1	-1	H
692	941		LEU	1	0	693	H	H		-1	-1	H
693	942		ALA	1	0	694	H	H		-1	-1	H
694	943		ILE	1	0	695	H	H		-1	-1	H
695	944		CYS	1	0	696	H	H		-1	-1	H
696	945		ARG	1	0	697	H	H		-1	-1	H
697	946		LYS	1	0	698	H	H		-1	-1	H
698	947		LEU	1	0	699	T	C		-1	-1	C
699	948		LYS	1	0	700	T	C		-1	-1	C
700	949		LEU	1	0	701	-	C		-1	-1	C
701	950		ASP	1	0	702	-	C		-1	-1	C
702	951		PRO	1	0	703	-	C		-1	-1	C
703	952		PHE	1	0	704	S	C		-1	-1	C
704	953		LEU	1	0	705	S	C		-1	-1	C
705	954		THR	1	0	706	-	C		-1	-1	C
706	955		PRO	1	0	707	T	C		-1	-1	C
707	956		TYR	1	0	708	T	C		-1	-1	C
708	957		THR	1	0	709	-	C		-1	-1	C
709	958		LYS	1	0	710	B	E	H	735	-1	E
710	959		ILE	1	0	711	S	C		-1	-1	C
711	960		ASN	1	0	712	S	C		-1	-1	C
712	961		SER	1	0	713	S	C		-1	-1	C
713	962		ARG	1	0	714	H	H		-1	-1	H
714	963		TRP	1	0	715	H	H		-1	-1	H
715	964		ILE	1	0	716	H	H		-1	-1	H
716	965		LYS	1	0	717	H	H		-1	-1	H
717	966		ASP	1	0	718	H	H		-1	-1	H
718	967		LEU	1	0	719	S	C		-1	-1	C
719	968		ASN	1	0	720	-	C		-1	-1	C
720	969		VAL	1	0	721	-	C		-1	-1	C
721	970		LYS	1	0	722	-	C		-1	-1	C
722	971		PRO	1	0	723	H	H		-1	-1	H
723	972		LYS	1	0	724	H	H		-1	-1	H
724	973		THR	1	0	725	H	H		-1	-1	H
725	974		ILE	1	0	726	H	H		-1	-1	H
726	975		LYS	1	0	727	H	H		-1	-1	H
727	976		THR	1	0	728	H	H		-1	-1	H
728	977		LEU	1	0	729	H	H		-1	-1	H
729	978		GLU	1	0	730	H	H		-1	-1	H
730	979		GLU	1	0	731	H	H		-1	-1	H
731	980		ASN	1	0	732	H	H		-1	-1	H
732	981		LEU	1	0	733	H	H		-1	-1	H
733	982		GLY	1	0	734	-	C		-1	-1	C
734	983		ILE	1	0	735	S	C		-1	-1	C
735	984		THR	1	0	736	B	E	H	709	-1	E
736	985		ILE	1	0	737	H	H		-1	-1	H
737	986		GLN	1	0	738	H	H		-1	-1	H
738	987		ASP	1	0	739	H	H		-1	-1	H
739	988		ILE	1	0	740	H	H		-1	-1	H
740	989		GLY	1	0	741	-	C		-1	-1	C
741	990		VAL	1	0	742	-	C		-1	-1	C
742	991		GLY	1	0	743	G	H		-1	-1	H
743	992		LYS	1	0	744	G	H		-1	-1	H
744	993		ASP	1	0	745	G	H		-1	-1	H
745	994		PHE	1	0	746	T	C		-1	-1	C
746	995		MET	1	0	747	T	C		-1	-1	C
747	996		SER	1	0	748	T	C		-1	-1	C
748	997		LYS	1	0	749	T	C		-1	-1	C
749	998		THR	1	0	750	-	C		-1	-1	C
750	999		PRO	1	0	751	H	H		-1	-1	H
751	1000		LYS	1	0	752	H	H		-1	-1	H
752	1001		ALA	1	0	753	H	H		-1	-1	H
753	1002		MET	1	0	754	H	H		-1	-1	H
754	1003		ALA	1	0	755	H	H		-1	-1	H
755	1004		THR	1	0	756	H	H		-1	-1	H
756	1005		LYS	1	0	757	H	H		-1	-1	H
757	1006		ASP	1	0	758	T	C		-1	-1	C
758	1007		LYS	1	0	759	T	C		-1	-1	C
759	1008		ILE	1	0	760	S	C		-1	-1	C
760	1009		ASP	1	0	761	-	C		-1	-1	C
761	1010		LYS	1	0	762	H	H		-1	-1	H
762	1011		TRP	1	0	763	H	H		-1	-1	H
763	1012		ASP	1	0	764	H	H		-1	-1	H
764	1013		LEU	1	0	765	H	H		-1	-1	H
765	1014		ILE	1	0	766	H	H		-1	-1	H
766	1015		LYS	1	0	767	H	H		-1	-1	H
767	1016		LEU	1	0	768	H	H		-1	-1	H
768	1017		LYS	1	0	769	H	H		-1	-1	H
769	1018		SER	1	0	770	H	H		-1	-1	H
770	1019		PHE	1	0	771	H	H		-1	-1	H
771	1020		CYS	1	0	772	H	H		-1	-1	H
772	1021		THR	1	0	773	H	H		-1	-1	H
773	1022		ALA	1	0	774	-	C		-1	-1	C
774	1023		LYS	1	0	775	H	H		-1	-1	H
775	1024		GLU	1	0	776	H	H		-1	-1	H
776	1025		THR	1	0	777	H	H		-1	-1	H
777	1026		THR	1	0	778	H	H		-1	-1	H
778	1027		ILE	1	0	779	H	H		-1	-1	H
779	1028		ARG	1	0	780	H	H		-1	-1	H
780	1029		VAL	1	0	781	H	H		-1	-1	H
781	1030		ASN	1	0	782	H	H		-1	-1	H
782	1031		ARG	1	0	783	S	C		-1	-1	C
783	1032		GLN	1	0	784	P	C		-1	-1	C
784	1033		PRO	1	0	785	P	C		-1	-1	C
785	1034		THR	1	0	786	P	C		-1	-1	C
786	1035		THR	1	0	787	H	H		-1	-1	H
787	1036		TRP	1	0	788	H	H		-1	-1	H
788	1037		GLU	1	0	789	H	H		-1	-1	H
789	1038		LYS	1	0	790	H	H		-1	-1	H
790	1039		ILE	1	0	791	H	H		-1	-1	H
791	1040		PHE	1	0	792	H	H		-1	-1	H
792	1041		ALA	1	0	793	H	H		-1	-1	H
793	1042		THR	1	0	794	H	H		-1	-1	H
794	1043		TYR	1	0	795	-	C		-1	-1	C
795	1044		SER	1	0	796	S	C		-1	-1	C
796	1045		SER	1	0	797	-	C		-1	-1	C
797	1046		ASP	1	0	798	-	C		-1	-1	C
798	1047		LYS	1	0	799	T	C		-1	-1	C
799	1048		GLY	1	0	800	T	C		-1	-1	C
800	1049		LEU	1	0	801	H	H		-1	-1	H
801	1050		ILE	1	0	802	H	H		-1	-1	H
802	1051		SER	1	0	803	H	H		-1	-1	H
803	1052		ARG	1	0	804	H	H		-1	-1	H
804	1053		ILE	1	0	805	H	H		-1	-1	H
805	1054		TYR	1	0	806	H	H		-1	-1	H
806	1055		ASN	1	0	807	H	H		-1	-1	H
807	1056		GLU	1	0	808	H	H		-1	-1	H
808	1057		LEU	1	0	809	H	H		-1	-1	H
809	1058		LYS	1	0	810	H	H		-1	-1	H
810	1059		GLN	1	0	811	H	H		-1	-1	H
811	1060		ILE	1	0	812	H	H		-1	-1	H
812	1061		TYR	1	0	813	T	C		-1	-1	C
813	1062		LYS	1	0	814	P	C		-1	-1	C
814	1063		LYS	1	0	815	P	C		-1	-1	C
815	1064		LYS	1	0	816	P	C		-1	-1	C
816	1065		THR	1	0	817	-	C		-1	-1	C
817	1066		ASN	1	0	818	-	C		-1	-1	C
818	1067		ASN	1	0	819	-	C		-1	-1	C
819	1068		PRO	1	0	820	H	H		-1	-1	H
820	1069		ILE	1	0	821	H	H		-1	-1	H
821	1070		LYS	1	0	822	H	H		-1	-1	H
822	1071		LYS	1	0	823	H	H		-1	-1	H
823	1072		TRP	1	0	824	H	H		-1	-1	H
824	1073		ALA	1	0	825	H	H		-1	-1	H
825	1074		LYS	1	0	826	H	H		-1	-1	H
826	1075		ASP	1	0	827	H	H		-1	-1	H
827	1076		MET	1	0	828	T	C		-1	-1	C
828	1077		ASN	1	0	829	T	C		-1	-1	C
829	1078		ARG	1	0	830	-	C		-1	-1	C
830	1079		HIS	1	0	831	-	C		-1	-1	C
831	1080		PHE	1	0	832	-	C		-1	-1	C
832	1081		SER	1	0	833	-	C		-1	-1	C
833	1082		LYS	1	0	834	H	H		-1	-1	H
834	1083		GLU	1	0	835	H	H		-1	-1	H
835	1084		ASP	1	0	836	H	H		-1	-1	H
836	1085		ILE	1	0	837	H	H		-1	-1	H
837	1086		TYR	1	0	838	H	H		-1	-1	H
838	1087		ALA	1	0	839	H	H		-1	-1	H
839	1088		ALA	1	0	840	H	H		-1	-1	H
840	1089		LYS	1	0	841	H	H		-1	-1	H
841	1090		LYS	1	0	842	H	H		-1	-1	H
842	1091		HIS	1	0	843	H	H		-1	-1	H
843	1092		MET	1	0	844	H	H		-1	-1	H
844	1093		LYS	1	0	845	H	H		-1	-1	H
845	1094		LYS	1	0	846	H	H		-1	-1	H
846	1095		CYS	1	0	847	S	C		-1	-1	C
847	1096		SER	1	0	848	-	C		-1	-1	C
848	1097		SER	1	0	849	S	C		-1	-1	C
849	1098		SER	1	0	850	S	C		-1	-1	C
850	1099		LEU	1	0	851	H	H		-1	-1	H
851	1100		ALA	1	0	852	H	H		-1	-1	H
852	1101		ILE	1	0	853	H	H		-1	-1	H
853	1102		ARG	1	0	854	H	H		-1	-1	H
854	1103		GLU	1	0	855	H	H		-1	-1	H
855	1104		MET	1	0	856	H	H		-1	-1	H
856	1105		GLN	1	0	857	H	H		-1	-1	H
857	1106		ILE	1	0	858	H	H		-1	-1	H
858	1107		LYS	1	0	859	H	H		-1	-1	H
859	1108		THR	1	0	860	H	H		-1	-1	H
860	1109		THR	1	0	861	H	H		-1	-1	H
861	1110		MET	1	0	862	T	C		-1	-1	C
862	1111		ARG	1	0	863	T	C		-1	-1	C
863	1112		TYR	1	0	864	-	C		-1	-1	C
864	1113		HIS	1	0	865	S	C		-1	-1	C
865	1114		LEU	1	0	866	-	C		-1	-1	C
866	1115		THR	1	0	867	-	C		-1	-1	C
867	1116		PRO	1	0	868	H	H		-1	-1	H
868	1117		VAL	1	0	869	H	H		-1	-1	H
869	1118		ARG	1	0	870	H	H		-1	-1	H
870	1119		MET	1	0	871	H	H		-1	-1	H
871	1120		ALA	1	0	872	H	H		-1	-1	H
872	1121		ILE	1	0	873	H	H		-1	-1	H
873	1122		ILE	1	0	874	H	H		-1	-1	H
874	1123		LYS	1	0	875	T	C		-1	-1	C
875	1124		LYS	1	0	876	T	C		-1	-1	C
876	1125		SER	1	0	877	-	C		-1	-1	C
877	1126		GLY	1	0	878	S	C		-1	-1	C
878	1127		ASN	1	0	879	-	C		-1	-1	C
879	1128		ASN	1	0	880	-	C		-1	-1	C
880	1129		ARG	1	0	881	B	E	I	888	-1	E
881	1130		CYS	1	0	882	-	C		-1	-1	C
882	1131		TRP	1	0	883	T	C		-1	-1	C
883	1132		ARG	1	0	884	T	C		-1	-1	C
884	1133		GLY	1	0	885	S	C		-1	-1	C
885	1134		CYS	1	0	886	S	C		-1	-1	C
886	1135		GLY	1	0	887	S	C		-1	-1	C
887	1136		GLU	1	0	888	S	C		-1	-1	C
888	1137		ILE	1	0	889	B	E	I	880	-1	E
889	1138		GLY	1	0	890	-	C		-1	-1	C
890	1139		THR	1	0	891	-	C		-1	-1	C
891	1140		LEU	1	0	892	H	H		-1	-1	H
892	1141		LEU	1	0	893	H	H		-1	-1	H
893	1142		HIS	1	0	894	I	H		-1	-1	H
894	1143		CYS	1	0	895	I	H		-1	-1	H
895	1144		TRP	1	0	896	I	H		-1	-1	H
896	1145		TRP	1	0	897	I	H		-1	-1	C
897	1146		ASP	1	0	898	I	H		-1	-1	C
898	1147		CYS	1	0	899	-	C		-1	-1	C
899	1148		LYS	1	0	900	T	C		-1	-1	C
900	1149		LEU	1	0	901	T	C		-1	-1	C
901	1150		VAL	1	0	902	T	C		-1	-1	C
902	1151		GLN	1	0	903	H	H		-1	-1	H
903	1152		PRO	1	0	904	H	H		-1	-1	H
904	1153		LEU	1	0	905	H	H		-1	-1	H
905	1154		TRP	1	0	906	H	H		-1	-1	H
906	1155		LYS	1	0	907	H	H		-1	-1	H
907	1156		SER	1	0	908	H	H		-1	-1	H
908	1157		VAL	1	0	909	H	H		-1	-1	H
909	1158		TRP	1	0	910	H	H		-1	-1	H
910	1159		ARG	1	0	911	H	H		-1	-1	H
911	1160		PHE	1	0	912	H	H		-1	-1	H
912	1161		LEU	1	0	913	H	H		-1	-1	H
913	1162		ARG	1	0	914	H	H		-1	-1	H
914	1163		ASP	1	0	915	H	H		-1	-1	H
915	1164		LEU	1	0	916	T	C		-1	-1	C
916	1165		GLU	1	0	917	T	C		-1	-1	C
917	1166		LEU	1	0	918	-	C		-1	-1	C
918	1167		GLU	1	0	919	-	C		-1	-1	C
919	1168		ILE	1	0	920	-	C		-1	-1	C
920	1169		PRO	1	0	921	-	C		-1	-1	C
921	1170		PHE	1	0	922	-	C		-1	-1	C
922	1171		ASP	1	0	923	-	C		-1	-1	C
923	1172		PRO	1	0	924	T	C		-1	-1	C
924	1173		ALA	1	0	925	H	H		-1	-1	H
925	1174		ILE	1	0	926	H	H		-1	-1	H
926	1175		PRO	1	0	927	H	H		-1	-1	H
927	1176		LEU	1	0	928	H	H		-1	-1	H
928	1177		LEU	1	0	929	T	C		-1	-1	C
929	1178		GLY	1	0	930	-	C		-1	-1	C
930	1179		ILE	1	0	931	-	C		-1	-1	C
931	1180		TYR	1	0	932	-	C		-1	-1	C
932	1181		PRO	1	0	933	-	C		-1	-1	C
933	1182		ASN	1	0	934	T	C		-1	-1	C
934	1183		GLU	1	0	935	T	C		-1	-1	C
935	1184		TYR	1	0	936	G	H		-1	-1	H
936	1185		LYS	1	0	937	G	H		-1	-1	H
937	1186		SER	1	0	938	G	H		-1	-1	H
938	1187		CYS	1	0	939	-	C		-1	-1	C
939	1188		CYS	1	0	940	T	C		-1	-1	H
940	1189		TYR	1	0	941	T	C		-1	-1	H
941	1190		LYS	1	0	942	H	H		-1	-1	H
942	1191		ASP	1	0	943	H	H		-1	-1	H
943	1192		THR	1	0	944	H	H		-1	-1	H
944	1193		CYS	1	0	945	H	H		-1	-1	H
945	1194		THR	1	0	946	H	H		-1	-1	H
946	1195		ARG	1	0	947	H	H		-1	-1	H
947	1196		MET	1	0	948	H	H		-1	-1	H
948	1197		PHE	1	0	949	H	H		-1	-1	H
949	1198		ILE	1	0	950	H	H		-1	-1	H
950	1199		ALA	1	0	951	H	H		-1	-1	H
951	1200		ALA	1	0	952	H	H		-1	-1	H
952	1201		LEU	1	0	953	H	H		-1	-1	H
953	1202		PHE	1	0	954	H	H		-1	-1	H
954	1203		THR	1	0	955	H	H		-1	-1	H
955	1204		ILE	1	0	956	H	H		-1	-1	H
956	1205		ALA	1	0	957	H	H		-1	-1	H
957	1206		LYS	1	0	958	H	H		-1	-1	H
958	1207		THR	1	0	959	T	C		-1	-1	C
959	1208		TRP	1	0	960	T	C		-1	-1	C
960	1209		ASN	1	0	961	T	C		-1	-1	C
961	1210		GLN	1	0	962	-	C		-1	-1	C
962	1211		PRO	1	0	963	S	C		-1	-1	C
963	1212		LYS	1	0	964	S	C		-1	-1	C
964	1213		CYS	1	0	965	P	C		-1	-1	C
965	1214		PRO	1	0	966	P	C		-1	-1	C
966	1215		THR	1	0	967	P	C		-1	-1	C
967	1216		MET	1	0	968	H	H		-1	-1	H
968	1217		ILE	1	0	969	H	H		-1	-1	H
969	1218		ASP	1	0	970	H	H		-1	-1	H
970	1219		TRP	1	0	971	H	H		-1	-1	H
971	1220		ILE	1	0	972	H	H		-1	-1	H
972	1221		LYS	1	0	973	H	H		-1	-1	H
973	1222		LYS	1	0	974	H	H		-1	-1	H
974	1223		MET	1	0	975	H	H		-1	-1	H
975	1224		TRP	1	0	976	H	H		-1	-1	H
976	1225		HIS	1	0	977	H	H		-1	-1	H
977	1226		ILE	1	0	978	H	H		-1	-1	H
978	1227		TYR	1	0	979	H	H		-1	-1	H
979	1228		THR	1	0	980	H	H		-1	-1	H
980	1229		MET	1	0	981	H	H		-1	-1	H
981	1230		GLU	1	0	982	H	H		-1	-1	H
982	1231		TYR	1	0	983	H	H		-1	-1	H
983	1232		TYR	1	0	984	H	H		-1	-1	H
984	1233		ALA	1	0	985	H	H		-1	-1	H
985	1234		ALA	1	0	986	H	H		-1	-1	H
986	1235		ILE	1	0	987	H	H		-1	-1	H
987	1236		LYS	1	0	988	H	H		-1	-1	H
988	1237		ASN	1	0	989	T	C		-1	-1	C
989	1238		ASP	1	0	990	T	C		-1	-1	C
990	1239		GLU	1	0	991	-	C		-1	-1	C
991	1240		PHE	1	0	992	H	H		-1	-1	H
992	1241		ILE	1	0	993	H	H		-1	-1	H
993	1242		SER	1	0	994	H	H		-1	-1	H
994	1243		PHE	1	0	995	H	H		-1	-1	H
995	1244		VAL	1	0	996	H	H		-1	-1	H
996	1245		GLY	1	0	997	H	H		-1	-1	H
997	1246		THR	1	0	998	H	H		-1	-1	H
998	1247		TRP	1	0	999	H	H		-1	-1	H
999	1248		MET	1	0	1000	H	H		-1	-1	H
1000	1249		LYS	1	0	1001	H	H		-1	-1	H
1001	1250		LEU	1	0	1002	H	H		-1	-1	H
1002	1251		GLU	1	0	1003	H	H		-1	-1	H
1003	1252		THR	1	0	1004	H	H		-1	-1	H
1004	1253		ILE	1	0	1005	H	H		-1	-1	H
1005	1254		ILE	1	0	1006	H	H		-1	-1	H
1006	1255		LEU	1	0	1007	H	H		-1	-1	H
1007	1256		SER	1	0	1008	H	H		-1	-1	H
1008	1257		LYS	1	0	1009	H	H		-1	-1	H
1009	1258		LEU	1	0	1010	S	C		-1	-1	C
1010	1259		SER	1	0	1011	-	C		-1	-1	C
1011	1260		GLN	1	0	1012	H	H		-1	-1	H
1012	1261		GLU	1	0	1013	H	H		-1	-1	H
1013	1262		GLN	1	0	1014	H	H		-1	-1	H
1014	1263		LYS	1	0	1015	H	H		-1	-1	H
1015	1264		THR	1	0	1016	H	H		-1	-1	H
1016	1265		LYS	1	0	1017	H	H		-1	-1	H
1017	1266		HIS	1	0	1018	T	C		-1	-1	H
1018	1267		ARG	1	0	1019	T	C		-1	-1	C
1019	1268		ILE	1	0	1020	-	C		-1	-1	C
1020	1269		PHE	1	0	1021	-	C		-1	-1	C
1021	1270		SER	1	0	1022	-	C		-1	-1	C
1022	1271		LEU	1	0	1023	S	C		-1	-1	C
1023	1272		ILE	1	0	1024	-	C		-1	-1	C
1024	1273		GLY	1	0	1025	-	C		-1	-1	C
