control_id	control_kind	region_id	control_source	expected	observed	result	licenses	n_zero_cells_licensed	denominator	unit	frame
spelling:rt0_spelling	MODERN_SPELLING_DETECTOR	rt0_spelling	blocker2005	non-zero in a source known to use the modern spelling	15	PASS	reading 5 zero cell(s) as 'this source does not use this name': align000044,poch1989,simon2008,xiong1990,zimmerly2001	5	5 non-control sources searched	(source, region_name) pair	extracted-text naming census v1 (poppler pdftotext; routes raw|layout)
spelling:rt1_spelling	MODERN_SPELLING_DETECTOR	rt1_spelling	blocker2005	non-zero in a source known to use the modern spelling	21	PASS	reading 4 zero cell(s) as 'this source does not use this name': align000044,poch1989,simon2008,xiong1990	4	5 non-control sources searched	(source, region_name) pair	extracted-text naming census v1 (poppler pdftotext; routes raw|layout)
spelling:rt2_spelling	MODERN_SPELLING_DETECTOR	rt2_spelling	blocker2005	non-zero in a source known to use the modern spelling	8	PASS	reading 5 zero cell(s) as 'this source does not use this name': align000044,poch1989,simon2008,xiong1990,zimmerly2001	5	5 non-control sources searched	(source, region_name) pair	extracted-text naming census v1 (poppler pdftotext; routes raw|layout)
spelling:rt3_spelling	MODERN_SPELLING_DETECTOR	rt3_spelling	blocker2005	non-zero in a source known to use the modern spelling	7	PASS	reading 5 zero cell(s) as 'this source does not use this name': align000044,poch1989,simon2008,xiong1990,zimmerly2001	5	5 non-control sources searched	(source, region_name) pair	extracted-text naming census v1 (poppler pdftotext; routes raw|layout)
spelling:rt4_spelling	MODERN_SPELLING_DETECTOR	rt4_spelling	blocker2005	non-zero in a source known to use the modern spelling	9	PASS	reading 5 zero cell(s) as 'this source does not use this name': align000044,poch1989,simon2008,xiong1990,zimmerly2001	5	5 non-control sources searched	(source, region_name) pair	extracted-text naming census v1 (poppler pdftotext; routes raw|layout)
spelling:rt5_spelling	MODERN_SPELLING_DETECTOR	rt5_spelling	blocker2005	non-zero in a source known to use the modern spelling	8	PASS	reading 5 zero cell(s) as 'this source does not use this name': align000044,poch1989,simon2008,xiong1990,zimmerly2001	5	5 non-control sources searched	(source, region_name) pair	extracted-text naming census v1 (poppler pdftotext; routes raw|layout)
spelling:rt6_spelling	MODERN_SPELLING_DETECTOR	rt6_spelling	blocker2005	non-zero in a source known to use the modern spelling	5	PASS	reading 5 zero cell(s) as 'this source does not use this name': align000044,poch1989,simon2008,xiong1990,zimmerly2001	5	5 non-control sources searched	(source, region_name) pair	extracted-text naming census v1 (poppler pdftotext; routes raw|layout)
spelling:rt7_spelling	MODERN_SPELLING_DETECTOR	rt7_spelling	blocker2005	non-zero in a source known to use the modern spelling	16	PASS	reading 5 zero cell(s) as 'this source does not use this name': align000044,poch1989,simon2008,xiong1990,zimmerly2001	5	5 non-control sources searched	(source, region_name) pair	extracted-text naming census v1 (poppler pdftotext; routes raw|layout)
alignment_annotation:rt_domain_whole	ALIGNMENT_ANNOTATION_DETECTOR	rt_domain_whole	align000044	non-zero: the record does name the domain it annotates	1	PASS	reading 16 numbered region(s) as not annotated in the authors own alignment record	16	16 numbered regions searched in the alignment record	(source, region_name) pair	extracted-text naming census v1 (poppler pdftotext; routes raw|layout)
