axis	level	contrast	pairs	n_components	diff	median	ci_lo	ci_hi	frac_components_favouring_first	status
A_retron_type	Ec107_like	R - T	4555	55	-0.056494	-0.038771	-0.072667	-0.041665	0.9091	OK
A_retron_type	Ec107_like	R - G	4555	55	-0.019293	-0.011041	-0.036194	-0.005401	0.6364	OK
A_retron_type	OutgroupA	R - T	4359	230	-0.033688	-0.023447	-0.040645	-0.026823	0.7478	OK
A_retron_type	OutgroupA	R - G	4359	230	-0.003756	-0.002347	-0.008819	0.001015	0.5478	OK
A_retron_type	OutgroupB	R - T	602	17	-0.047813	-0.026461	-0.095054	-0.003515	0.7059	UNDETERMINED
A_retron_type	OutgroupB	R - G	602	17	0.002919	-0.005903	-0.023926	0.044598	0.6471	UNDETERMINED
A_retron_type	TypeIA_IIAI	R - T	3922	157	-0.032749	-0.02723	-0.04372	-0.021741	0.7134	OK
A_retron_type	TypeIA_IIAI	R - G	3922	157	-0.004186	-0.007938	-0.009315	0.00142	0.6752	OK
A_retron_type	TypeIB1	R - T	815	41	0.007704	-0.007966	-0.002837	0.019329	0.561	OK
A_retron_type	TypeIB1	R - G	815	41	0.002548	0.001453	-0.004214	0.009438	0.4878	OK
A_retron_type	TypeIB2	R - T	1462	46	-0.096425	-0.023471	-0.14986	-0.049823	0.7826	OK
A_retron_type	TypeIB2	R - G	1462	46	-0.002889	-0.00419	-0.010422	0.004719	0.5652	OK
A_retron_type	TypeIB2_firmi	R - T	83	18	0.002454	-0.004001	-0.006663	0.012421	0.6111	UNDETERMINED
A_retron_type	TypeIB2_firmi	R - G	83	18	-0.002573	-0.000589	-0.013045	0.007617	0.5	UNDETERMINED
A_retron_type	TypeIC1_IC2	R - T	6277	144	-0.040835	-0.041321	-0.055043	-0.026551	0.625	OK
A_retron_type	TypeIC1_IC2	R - G	6277	144	-0.016518	-0.007856	-0.025699	-0.007805	0.5625	OK
A_retron_type	TypeIIA2	R - T	69	22	0.017514	0.007454	-0.001441	0.037685	0.3182	UNDETERMINED
A_retron_type	TypeIIA2	R - G	69	22	0.007627	0.007308	-0.00962	0.024312	0.3182	UNDETERMINED
A_retron_type	TypeIIA3_firmi	R - T	460	20	0.021222	0.003207	-0.003946	0.050174	0.5	UNDETERMINED
A_retron_type	TypeIIA3_firmi	R - G	460	20	-0.023789	-0.008738	-0.072891	0.010211	0.6	UNDETERMINED
A_retron_type	TypeIIA3_proteo	R - T	354	26	-0.009949	-0.002073	-0.025738	0.005035	0.5	UNDETERMINED
A_retron_type	TypeIIA3_proteo	R - G	354	26	0.003433	0.010268	-0.00812	0.014582	0.4231	UNDETERMINED
A_retron_type	TypeIIIA1	R - T	586	46	0.003216	0.000541	-0.009258	0.017338	0.4783	OK
A_retron_type	TypeIIIA1	R - G	586	46	-0.008686	-0.004449	-0.017659	-0.000144	0.5435	OK
A_retron_type	TypeIIIA2	R - T	635	53	0.017374	0.002906	0.002376	0.036975	0.4151	OK
A_retron_type	TypeIIIA2	R - G	635	53	0.006903	0.00286	-0.00458	0.020771	0.4528	OK
A_retron_type	TypeIIIA3	R - T	1082	87	0.006671	0.00113	-0.002256	0.018745	0.4828	OK
A_retron_type	TypeIIIA3	R - G	1082	87	-0.000156	-0.001062	-0.00592	0.005852	0.5402	OK
A_retron_type	TypeIV	R - T	779	11	-0.017367	-0.012879	-0.041391	0.004941	0.6364	UNDETERMINED
A_retron_type	TypeIV	R - G	779	11	-0.016162	-0.009712	-0.040129	0.006387	0.6364	UNDETERMINED
A_retron_type	TypeIX	R - T	279	38	0.002817	-0.001312	-0.01069	0.015992	0.5263	OK
A_retron_type	TypeIX	R - G	279	38	0.007148	0.00051	-0.002701	0.017104	0.4737	OK
A_retron_type	TypeV	R - T	690	10	-0.081427	-0.007556	-0.184154	-0.001876	0.7	UNDETERMINED
A_retron_type	TypeV	R - G	690	10	-0.026462	-0.002332	-0.065329	0.00144	0.5	UNDETERMINED
A_retron_type	TypeXIIIA_firmi	R - T	796	22	-0.022407	-0.015849	-0.038596	-0.006934	0.7727	UNDETERMINED
A_retron_type	TypeXIIIA_firmi	R - G	796	22	0.001219	-0.001943	-0.009457	0.014748	0.5455	UNDETERMINED
A_retron_type	TypeXIIIB_Ne144	R - T	2096	41	-0.007493	-0.015072	-0.018873	0.005059	0.7805	OK
A_retron_type	TypeXIIIB_Ne144	R - G	2096	41	0.000668	-0.001724	-0.007449	0.00902	0.5122	OK
A_retron_type	TypeXIIIC_Mx162	R - T	568	20	0.019437	0.025105	-0.007066	0.046291	0.35	UNDETERMINED
A_retron_type	TypeXIIIC_Mx162	R - G	568	20	-0.009914	0.002247	-0.043108	0.016149	0.5	UNDETERMINED
A_retron_type	TypeXIII_Mx65	R - T	455	28	-0.00209	-0.005125	-0.010918	0.007039	0.6071	UNDETERMINED
A_retron_type	TypeXIII_Mx65	R - G	455	28	0.000153	0.00183	-0.009968	0.009862	0.4643	UNDETERMINED
B_rt_homolog_group_size	1	R - T	1315	748	-0.021233	-0.012093	-0.027144	-0.01552	0.6217	OK
B_rt_homolog_group_size	1	R - G	1315	748	-0.005622	-0.002909	-0.009102	-0.002248	0.5428	OK
B_rt_homolog_group_size	2-5	R - T	1780	354	-0.021929	-0.012948	-0.028852	-0.015235	0.6271	OK
B_rt_homolog_group_size	2-5	R - G	1780	354	-0.004273	-0.002248	-0.008189	-0.000749	0.5565	OK
B_rt_homolog_group_size	21-100	R - T	6301	69	-0.018466	-0.011721	-0.033079	-0.006165	0.7101	OK
B_rt_homolog_group_size	21-100	R - G	6301	69	-0.004094	-0.001833	-0.012096	0.003052	0.5942	OK
B_rt_homolog_group_size	6-20	R - T	3323	160	-0.017782	-0.009362	-0.027989	-0.008995	0.6438	OK
B_rt_homolog_group_size	6-20	R - G	3323	160	-0.002507	-0.001918	-0.006454	0.001613	0.5563	OK
B_rt_homolog_group_size	>100	R - T	18205	22	-0.013191	-0.01444	-0.027431	0.00022	0.7727	UNDETERMINED
B_rt_homolog_group_size	>100	R - G	18205	22	-0.008365	-0.009175	-0.015119	-0.001592	0.7273	UNDETERMINED
C_train_similarity_quartile	Q1_<0.983	R - T	7731	371	-0.00584	-0.007264	-0.012882	0.001363	0.5714	OK
C_train_similarity_quartile	Q1_<0.983	R - G	7731	371	-0.004264	-0.000724	-0.010117	0.001481	0.5148	OK
C_train_similarity_quartile	Q2_0.983-0.988	R - T	7731	378	-0.023166	-0.016116	-0.028695	-0.017654	0.672	OK
C_train_similarity_quartile	Q2_0.983-0.988	R - G	7731	378	-0.006859	-0.002559	-0.011346	-0.002587	0.5608	OK
C_train_similarity_quartile	Q3_0.988-0.991	R - T	7731	447	-0.022979	-0.01403	-0.027928	-0.018314	0.6913	OK
C_train_similarity_quartile	Q3_0.988-0.991	R - G	7731	447	-0.004795	-0.004529	-0.007901	-0.001769	0.5772	OK
C_train_similarity_quartile	Q4_>=0.991	R - T	7731	473	-0.031932	-0.013953	-0.039937	-0.024537	0.6596	OK
C_train_similarity_quartile	Q4_>=0.991	R - G	7731	473	-0.004299	-0.002447	-0.007345	-0.001341	0.5539	OK
D_ncrna_cluster_size	1	R - T	2930	878	-0.02516	-0.013381	-0.0301	-0.020316	0.6538	OK
D_ncrna_cluster_size	1	R - G	2930	878	-0.00492	-0.002342	-0.007731	-0.002155	0.5399	OK
D_ncrna_cluster_size	2-5	R - T	4683	360	-0.025089	-0.014069	-0.032391	-0.018105	0.675	OK
D_ncrna_cluster_size	2-5	R - G	4683	360	-0.006886	-0.003747	-0.010927	-0.003088	0.5778	OK
D_ncrna_cluster_size	21-100	R - T	7980	49	-0.009979	-0.010257	-0.021415	0.001763	0.6122	OK
D_ncrna_cluster_size	21-100	R - G	7980	49	-0.002549	-0.002965	-0.009868	0.004941	0.551	OK
D_ncrna_cluster_size	6-20	R - T	5905	126	-0.02443	-0.014112	-0.037041	-0.013359	0.6825	OK
D_ncrna_cluster_size	6-20	R - G	5905	126	-0.005797	-0.00345	-0.011252	-0.000764	0.5794	OK
D_ncrna_cluster_size	>100	R - T	9426	14	-0.015359	-0.013377	-0.038029	0.005816	0.8571	UNDETERMINED
D_ncrna_cluster_size	>100	R - G	9426	14	-0.009369	-0.006841	-0.023429	0.003459	0.6429	UNDETERMINED
E_taxonomy_n_species	1	R - T	19225	757	-0.023031	-0.012675	-0.028422	-0.018032	0.6513	OK
E_taxonomy_n_species	1	R - G	19225	757	-0.004315	-0.001691	-0.007279	-0.001526	0.5337	OK
E_taxonomy_n_species	2	R - T	9857	665	-0.025319	-0.012203	-0.031647	-0.019468	0.6451	OK
E_taxonomy_n_species	2	R - G	9857	665	-0.005955	-0.003817	-0.008994	-0.002901	0.5639	OK
E_taxonomy_n_species	3-5	R - T	1609	170	-0.018983	-0.010814	-0.028153	-0.010466	0.6412	OK
E_taxonomy_n_species	3-5	R - G	1609	170	-0.006123	-0.005194	-0.011034	-0.0013	0.6059	OK
E_taxonomy_n_species	>=6	R - T	233	38	-0.01451	-0.015626	-0.02699	-0.001977	0.7105	OK
E_taxonomy_n_species	>=6	R - G	233	38	-0.002095	-0.001067	-0.009199	0.005839	0.6053	OK
E_recurrence_class	multiple_species	R - T	5056	364	-0.025074	-0.01322	-0.033715	-0.017179	0.6484	OK
E_recurrence_class	multiple_species	R - G	5056	364	-0.00667	-0.004588	-0.010993	-0.002469	0.5907	OK
E_recurrence_class	one_genome_multiple_loci	R - T	36	13	-0.003695	-0.002186	-0.02692	0.017797	0.5385	UNDETERMINED
E_recurrence_class	one_genome_multiple_loci	R - G	36	13	0.004241	-0.000209	-0.005781	0.015228	0.5385	UNDETERMINED
E_recurrence_class	one_physical_locus_multiple_database_copies	R - T	9362	639	-0.024889	-0.011118	-0.031057	-0.019293	0.6416	OK
E_recurrence_class	one_physical_locus_multiple_database_copies	R - G	9362	639	-0.005412	-0.003016	-0.008301	-0.002563	0.5493	OK
E_recurrence_class	one_physical_locus_multiple_records	R - T	13	10	-0.01701	0.001287	-0.065062	0.016038	0.5	UNDETERMINED
E_recurrence_class	one_physical_locus_multiple_records	R - G	13	10	-0.004097	-0.000318	-0.021398	0.011184	0.5	UNDETERMINED
E_recurrence_class	one_species_multiple_genomes	R - T	4452	216	-0.019813	-0.009752	-0.029589	-0.010716	0.5926	OK
E_recurrence_class	one_species_multiple_genomes	R - G	4452	216	-0.003853	-0.002585	-0.009995	0.001492	0.537	OK
E_recurrence_class	single_placement	R - T	12005	633	-0.023316	-0.014105	-0.029466	-0.017581	0.6588	OK
E_recurrence_class	single_placement	R - G	12005	633	-0.004587	-0.001375	-0.007915	-0.001432	0.5276	OK
F_deposition_n_physical_loci	1	R - T	21380	953	-0.024698	-0.013234	-0.029506	-0.019949	0.6548	OK
F_deposition_n_physical_loci	1	R - G	21380	953	-0.005018	-0.002259	-0.007544	-0.002499	0.5435	OK
F_deposition_n_physical_loci	2	R - T	4515	359	-0.024575	-0.012787	-0.032923	-0.016926	0.6323	OK
F_deposition_n_physical_loci	2	R - G	4515	359	-0.005006	-0.004014	-0.009082	-0.000995	0.5933	OK
F_deposition_n_physical_loci	3-5	R - T	2762	209	-0.020041	-0.009577	-0.029362	-0.01125	0.6172	OK
F_deposition_n_physical_loci	3-5	R - G	2762	209	-0.007357	-0.002019	-0.013787	-0.001622	0.5407	OK
F_deposition_n_physical_loci	6-20	R - T	1629	119	-0.01575	-0.009426	-0.026469	-0.006176	0.6555	OK
F_deposition_n_physical_loci	6-20	R - G	1629	119	-0.005247	-0.00141	-0.011419	0.000417	0.5546	OK
F_deposition_n_physical_loci	>=21	R - T	638	59	-0.010696	-0.009525	-0.021152	-0.000693	0.6102	OK
F_deposition_n_physical_loci	>=21	R - G	638	59	0.000112	0.002028	-0.006389	0.006523	0.4576	OK
