dominant_partner_pct	n_exact_rt	unit	denominator
18.0	1	exact RT sequences	exact RTs carrying CANONICAL placements at >=2 physical loci (n = 9,239)
25.0	1	exact RT sequences	exact RTs carrying CANONICAL placements at >=2 physical loci (n = 9,239)
26.0	1	exact RT sequences	exact RTs carrying CANONICAL placements at >=2 physical loci (n = 9,239)
33.0	9	exact RT sequences	exact RTs carrying CANONICAL placements at >=2 physical loci (n = 9,239)
35.0	2	exact RT sequences	exact RTs carrying CANONICAL placements at >=2 physical loci (n = 9,239)
36.0	1	exact RT sequences	exact RTs carrying CANONICAL placements at >=2 physical loci (n = 9,239)
38.0	1	exact RT sequences	exact RTs carrying CANONICAL placements at >=2 physical loci (n = 9,239)
39.0	1	exact RT sequences	exact RTs carrying CANONICAL placements at >=2 physical loci (n = 9,239)
40.0	5	exact RT sequences	exact RTs carrying CANONICAL placements at >=2 physical loci (n = 9,239)
43.0	3	exact RT sequences	exact RTs carrying CANONICAL placements at >=2 physical loci (n = 9,239)
47.0	1	exact RT sequences	exact RTs carrying CANONICAL placements at >=2 physical loci (n = 9,239)
48.0	1	exact RT sequences	exact RTs carrying CANONICAL placements at >=2 physical loci (n = 9,239)
50.0	203	exact RT sequences	exact RTs carrying CANONICAL placements at >=2 physical loci (n = 9,239)
51.0	1	exact RT sequences	exact RTs carrying CANONICAL placements at >=2 physical loci (n = 9,239)
52.0	1	exact RT sequences	exact RTs carrying CANONICAL placements at >=2 physical loci (n = 9,239)
53.0	4	exact RT sequences	exact RTs carrying CANONICAL placements at >=2 physical loci (n = 9,239)
54.0	2	exact RT sequences	exact RTs carrying CANONICAL placements at >=2 physical loci (n = 9,239)
55.0	5	exact RT sequences	exact RTs carrying CANONICAL placements at >=2 physical loci (n = 9,239)
56.0	5	exact RT sequences	exact RTs carrying CANONICAL placements at >=2 physical loci (n = 9,239)
57.0	6	exact RT sequences	exact RTs carrying CANONICAL placements at >=2 physical loci (n = 9,239)
58.0	1	exact RT sequences	exact RTs carrying CANONICAL placements at >=2 physical loci (n = 9,239)
59.0	3	exact RT sequences	exact RTs carrying CANONICAL placements at >=2 physical loci (n = 9,239)
60.0	21	exact RT sequences	exact RTs carrying CANONICAL placements at >=2 physical loci (n = 9,239)
61.0	4	exact RT sequences	exact RTs carrying CANONICAL placements at >=2 physical loci (n = 9,239)
62.0	6	exact RT sequences	exact RTs carrying CANONICAL placements at >=2 physical loci (n = 9,239)
63.0	1	exact RT sequences	exact RTs carrying CANONICAL placements at >=2 physical loci (n = 9,239)
64.0	1	exact RT sequences	exact RTs carrying CANONICAL placements at >=2 physical loci (n = 9,239)
65.0	1	exact RT sequences	exact RTs carrying CANONICAL placements at >=2 physical loci (n = 9,239)
66.0	2	exact RT sequences	exact RTs carrying CANONICAL placements at >=2 physical loci (n = 9,239)
67.0	111	exact RT sequences	exact RTs carrying CANONICAL placements at >=2 physical loci (n = 9,239)
68.0	2	exact RT sequences	exact RTs carrying CANONICAL placements at >=2 physical loci (n = 9,239)
69.0	5	exact RT sequences	exact RTs carrying CANONICAL placements at >=2 physical loci (n = 9,239)
70.0	4	exact RT sequences	exact RTs carrying CANONICAL placements at >=2 physical loci (n = 9,239)
71.0	8	exact RT sequences	exact RTs carrying CANONICAL placements at >=2 physical loci (n = 9,239)
72.0	2	exact RT sequences	exact RTs carrying CANONICAL placements at >=2 physical loci (n = 9,239)
73.0	4	exact RT sequences	exact RTs carrying CANONICAL placements at >=2 physical loci (n = 9,239)
74.0	1	exact RT sequences	exact RTs carrying CANONICAL placements at >=2 physical loci (n = 9,239)
75.0	58	exact RT sequences	exact RTs carrying CANONICAL placements at >=2 physical loci (n = 9,239)
78.0	8	exact RT sequences	exact RTs carrying CANONICAL placements at >=2 physical loci (n = 9,239)
79.0	4	exact RT sequences	exact RTs carrying CANONICAL placements at >=2 physical loci (n = 9,239)
80.0	31	exact RT sequences	exact RTs carrying CANONICAL placements at >=2 physical loci (n = 9,239)
81.0	2	exact RT sequences	exact RTs carrying CANONICAL placements at >=2 physical loci (n = 9,239)
82.0	2	exact RT sequences	exact RTs carrying CANONICAL placements at >=2 physical loci (n = 9,239)
83.0	18	exact RT sequences	exact RTs carrying CANONICAL placements at >=2 physical loci (n = 9,239)
84.0	1	exact RT sequences	exact RTs carrying CANONICAL placements at >=2 physical loci (n = 9,239)
85.0	8	exact RT sequences	exact RTs carrying CANONICAL placements at >=2 physical loci (n = 9,239)
86.0	18	exact RT sequences	exact RTs carrying CANONICAL placements at >=2 physical loci (n = 9,239)
87.0	4	exact RT sequences	exact RTs carrying CANONICAL placements at >=2 physical loci (n = 9,239)
88.0	20	exact RT sequences	exact RTs carrying CANONICAL placements at >=2 physical loci (n = 9,239)
89.0	14	exact RT sequences	exact RTs carrying CANONICAL placements at >=2 physical loci (n = 9,239)
90.0	10	exact RT sequences	exact RTs carrying CANONICAL placements at >=2 physical loci (n = 9,239)
91.0	13	exact RT sequences	exact RTs carrying CANONICAL placements at >=2 physical loci (n = 9,239)
92.0	18	exact RT sequences	exact RTs carrying CANONICAL placements at >=2 physical loci (n = 9,239)
93.0	29	exact RT sequences	exact RTs carrying CANONICAL placements at >=2 physical loci (n = 9,239)
94.0	13	exact RT sequences	exact RTs carrying CANONICAL placements at >=2 physical loci (n = 9,239)
95.0	21	exact RT sequences	exact RTs carrying CANONICAL placements at >=2 physical loci (n = 9,239)
96.0	14	exact RT sequences	exact RTs carrying CANONICAL placements at >=2 physical loci (n = 9,239)
97.0	22	exact RT sequences	exact RTs carrying CANONICAL placements at >=2 physical loci (n = 9,239)
98.0	26	exact RT sequences	exact RTs carrying CANONICAL placements at >=2 physical loci (n = 9,239)
99.0	33	exact RT sequences	exact RTs carrying CANONICAL placements at >=2 physical loci (n = 9,239)
100.0	8421	exact RT sequences	exact RTs carrying CANONICAL placements at >=2 physical loci (n = 9,239)
