cat_phylum	family	n_positive_genomes	n_sampled_genomes	prevalence_pct	prevalence_pct_ci_lo	prevalence_pct_ci_hi	unit	denominator
Pseudomonadota	RVT-GII	74874	267130	28.029	27.859	28.1997	genomes	genomes of that phylum in the GTDB bacterial catalogue (phyla with >=1,000 sampled genomes); numerator = genomes carrying >=1 locus of that family label
Pseudomonadota	Retron	51934	267130	19.4415	19.2918	19.592	genomes	genomes of that phylum in the GTDB bacterial catalogue (phyla with >=1,000 sampled genomes); numerator = genomes carrying >=1 locus of that family label
Pseudomonadota	other	24859	267130	9.306	9.1964	9.4167	genomes	genomes of that phylum in the GTDB bacterial catalogue (phyla with >=1,000 sampled genomes); numerator = genomes carrying >=1 locus of that family label
Pseudomonadota	RVT-UG5	5797	267130	2.1701	2.1155	2.2261	genomes	genomes of that phylum in the GTDB bacterial catalogue (phyla with >=1,000 sampled genomes); numerator = genomes carrying >=1 locus of that family label
Pseudomonadota	RVT-UG17	5677	267130	2.1252	2.0712	2.1806	genomes	genomes of that phylum in the GTDB bacterial catalogue (phyla with >=1,000 sampled genomes); numerator = genomes carrying >=1 locus of that family label
Pseudomonadota	RVT-UG3	5087	267130	1.9043	1.8532	1.9568	genomes	genomes of that phylum in the GTDB bacterial catalogue (phyla with >=1,000 sampled genomes); numerator = genomes carrying >=1 locus of that family label
Pseudomonadota	RVT-DGRs	5063	267130	1.8953	1.8443	1.9477	genomes	genomes of that phylum in the GTDB bacterial catalogue (phyla with >=1,000 sampled genomes); numerator = genomes carrying >=1 locus of that family label
Pseudomonadota	RVT-UG8	5010	267130	1.8755	1.8247	1.9276	genomes	genomes of that phylum in the GTDB bacterial catalogue (phyla with >=1,000 sampled genomes); numerator = genomes carrying >=1 locus of that family label
Pseudomonadota	RVT-UG4	4907	267130	1.8369	1.7867	1.8886	genomes	genomes of that phylum in the GTDB bacterial catalogue (phyla with >=1,000 sampled genomes); numerator = genomes carrying >=1 locus of that family label
Pseudomonadota	RVT-UG2	4302	267130	1.6105	1.5634	1.6589	genomes	genomes of that phylum in the GTDB bacterial catalogue (phyla with >=1,000 sampled genomes); numerator = genomes carrying >=1 locus of that family label
Pseudomonadota	RVT-AbiP2	2238	267130	0.8378	0.8039	0.8731	genomes	genomes of that phylum in the GTDB bacterial catalogue (phyla with >=1,000 sampled genomes); numerator = genomes carrying >=1 locus of that family label
Pseudomonadota	RVT-CRISPR	399	267130	0.1494	0.1354	0.1647	genomes	genomes of that phylum in the GTDB bacterial catalogue (phyla with >=1,000 sampled genomes); numerator = genomes carrying >=1 locus of that family label
Pseudomonadota	MULTI	33	267130	0.0124	0.0088	0.0173	genomes	genomes of that phylum in the GTDB bacterial catalogue (phyla with >=1,000 sampled genomes); numerator = genomes carrying >=1 locus of that family label
Pseudomonadota	RVT-UG26	14	267130	0.0052	0.0031	0.0088	genomes	genomes of that phylum in the GTDB bacterial catalogue (phyla with >=1,000 sampled genomes); numerator = genomes carrying >=1 locus of that family label
Bacillota	RVT-GII	51276	205871	24.9069	24.7205	25.0941	genomes	genomes of that phylum in the GTDB bacterial catalogue (phyla with >=1,000 sampled genomes); numerator = genomes carrying >=1 locus of that family label
Bacillota	Retron	19841	205871	9.6376	9.5109	9.7658	genomes	genomes of that phylum in the GTDB bacterial catalogue (phyla with >=1,000 sampled genomes); numerator = genomes carrying >=1 locus of that family label
Bacillota	RVT-DGRs	17970	205871	8.7288	8.6076	8.8515	genomes	genomes of that phylum in the GTDB bacterial catalogue (phyla with >=1,000 sampled genomes); numerator = genomes carrying >=1 locus of that family label
Bacillota	other	4445	205871	2.1591	2.0972	2.2228	genomes	genomes of that phylum in the GTDB bacterial catalogue (phyla with >=1,000 sampled genomes); numerator = genomes carrying >=1 locus of that family label
Bacillota	RVT-UG2	3420	205871	1.6612	1.6069	1.7174	genomes	genomes of that phylum in the GTDB bacterial catalogue (phyla with >=1,000 sampled genomes); numerator = genomes carrying >=1 locus of that family label
Bacillota	RVT-AbiP2	2552	205871	1.2396	1.1927	1.2883	genomes	genomes of that phylum in the GTDB bacterial catalogue (phyla with >=1,000 sampled genomes); numerator = genomes carrying >=1 locus of that family label
Bacillota	RVT-UG26	2375	205871	1.1536	1.1084	1.2007	genomes	genomes of that phylum in the GTDB bacterial catalogue (phyla with >=1,000 sampled genomes); numerator = genomes carrying >=1 locus of that family label
Bacillota	RVT-CRISPR	866	205871	0.4207	0.3936	0.4495	genomes	genomes of that phylum in the GTDB bacterial catalogue (phyla with >=1,000 sampled genomes); numerator = genomes carrying >=1 locus of that family label
Bacillota	RVT-UG5	737	205871	0.358	0.3331	0.3847	genomes	genomes of that phylum in the GTDB bacterial catalogue (phyla with >=1,000 sampled genomes); numerator = genomes carrying >=1 locus of that family label
Bacillota	RVT-UG8	489	205871	0.2375	0.2174	0.2595	genomes	genomes of that phylum in the GTDB bacterial catalogue (phyla with >=1,000 sampled genomes); numerator = genomes carrying >=1 locus of that family label
Bacillota	RVT-UG17	479	205871	0.2327	0.2128	0.2544	genomes	genomes of that phylum in the GTDB bacterial catalogue (phyla with >=1,000 sampled genomes); numerator = genomes carrying >=1 locus of that family label
Bacillota	RVT-UG3	447	205871	0.2171	0.1979	0.2382	genomes	genomes of that phylum in the GTDB bacterial catalogue (phyla with >=1,000 sampled genomes); numerator = genomes carrying >=1 locus of that family label
Bacillota	MULTI	37	205871	0.018	0.013	0.0248	genomes	genomes of that phylum in the GTDB bacterial catalogue (phyla with >=1,000 sampled genomes); numerator = genomes carrying >=1 locus of that family label
Bacillota	RVT-UG4	7	205871	0.0034	0.0016	0.007	genomes	genomes of that phylum in the GTDB bacterial catalogue (phyla with >=1,000 sampled genomes); numerator = genomes carrying >=1 locus of that family label
Bacteroidota	RVT-DGRs	17699	89203	19.8413	19.5809	20.1043	genomes	genomes of that phylum in the GTDB bacterial catalogue (phyla with >=1,000 sampled genomes); numerator = genomes carrying >=1 locus of that family label
Bacteroidota	RVT-GII	12726	89203	14.2663	14.0384	14.4974	genomes	genomes of that phylum in the GTDB bacterial catalogue (phyla with >=1,000 sampled genomes); numerator = genomes carrying >=1 locus of that family label
Bacteroidota	Retron	11276	89203	12.6408	12.4244	12.8605	genomes	genomes of that phylum in the GTDB bacterial catalogue (phyla with >=1,000 sampled genomes); numerator = genomes carrying >=1 locus of that family label
Bacteroidota	other	4309	89203	4.8306	4.6918	4.9732	genomes	genomes of that phylum in the GTDB bacterial catalogue (phyla with >=1,000 sampled genomes); numerator = genomes carrying >=1 locus of that family label
Bacteroidota	RVT-AbiP2	1928	89203	2.1614	2.068	2.2589	genomes	genomes of that phylum in the GTDB bacterial catalogue (phyla with >=1,000 sampled genomes); numerator = genomes carrying >=1 locus of that family label
Bacteroidota	RVT-UG2	1775	89203	1.9898	1.9002	2.0836	genomes	genomes of that phylum in the GTDB bacterial catalogue (phyla with >=1,000 sampled genomes); numerator = genomes carrying >=1 locus of that family label
Bacteroidota	RVT-UG3	1066	89203	1.195	1.1258	1.2685	genomes	genomes of that phylum in the GTDB bacterial catalogue (phyla with >=1,000 sampled genomes); numerator = genomes carrying >=1 locus of that family label
Bacteroidota	RVT-UG8	1035	89203	1.1603	1.0921	1.2327	genomes	genomes of that phylum in the GTDB bacterial catalogue (phyla with >=1,000 sampled genomes); numerator = genomes carrying >=1 locus of that family label
Bacteroidota	RVT-CRISPR	680	89203	0.7623	0.7073	0.8215	genomes	genomes of that phylum in the GTDB bacterial catalogue (phyla with >=1,000 sampled genomes); numerator = genomes carrying >=1 locus of that family label
Bacteroidota	RVT-UG26	581	89203	0.6513	0.6006	0.7063	genomes	genomes of that phylum in the GTDB bacterial catalogue (phyla with >=1,000 sampled genomes); numerator = genomes carrying >=1 locus of that family label
Bacteroidota	RVT-UG5	422	89203	0.4731	0.4301	0.5203	genomes	genomes of that phylum in the GTDB bacterial catalogue (phyla with >=1,000 sampled genomes); numerator = genomes carrying >=1 locus of that family label
Bacteroidota	RVT-UG17	412	89203	0.4619	0.4195	0.5085	genomes	genomes of that phylum in the GTDB bacterial catalogue (phyla with >=1,000 sampled genomes); numerator = genomes carrying >=1 locus of that family label
Bacteroidota	RVT-UG4	12	89203	0.0135	0.0077	0.0235	genomes	genomes of that phylum in the GTDB bacterial catalogue (phyla with >=1,000 sampled genomes); numerator = genomes carrying >=1 locus of that family label
Bacteroidota	MULTI	3	89203	0.0034	0.0011	0.0099	genomes	genomes of that phylum in the GTDB bacterial catalogue (phyla with >=1,000 sampled genomes); numerator = genomes carrying >=1 locus of that family label
Actinomycetota	RVT-GII	4774	59430	8.033	7.8172	8.2542	genomes	genomes of that phylum in the GTDB bacterial catalogue (phyla with >=1,000 sampled genomes); numerator = genomes carrying >=1 locus of that family label
Actinomycetota	Retron	2748	59430	4.6239	4.458	4.7957	genomes	genomes of that phylum in the GTDB bacterial catalogue (phyla with >=1,000 sampled genomes); numerator = genomes carrying >=1 locus of that family label
Actinomycetota	other	1794	59430	3.0187	2.8841	3.1593	genomes	genomes of that phylum in the GTDB bacterial catalogue (phyla with >=1,000 sampled genomes); numerator = genomes carrying >=1 locus of that family label
Actinomycetota	RVT-DGRs	1543	59430	2.5963	2.4715	2.7273	genomes	genomes of that phylum in the GTDB bacterial catalogue (phyla with >=1,000 sampled genomes); numerator = genomes carrying >=1 locus of that family label
Actinomycetota	RVT-UG2	277	59430	0.4661	0.4144	0.5241	genomes	genomes of that phylum in the GTDB bacterial catalogue (phyla with >=1,000 sampled genomes); numerator = genomes carrying >=1 locus of that family label
Actinomycetota	RVT-CRISPR	105	59430	0.1767	0.146	0.2138	genomes	genomes of that phylum in the GTDB bacterial catalogue (phyla with >=1,000 sampled genomes); numerator = genomes carrying >=1 locus of that family label
Actinomycetota	RVT-UG17	83	59430	0.1397	0.1127	0.1731	genomes	genomes of that phylum in the GTDB bacterial catalogue (phyla with >=1,000 sampled genomes); numerator = genomes carrying >=1 locus of that family label
Actinomycetota	RVT-UG5	82	59430	0.138	0.1112	0.1712	genomes	genomes of that phylum in the GTDB bacterial catalogue (phyla with >=1,000 sampled genomes); numerator = genomes carrying >=1 locus of that family label
Actinomycetota	RVT-UG8	75	59430	0.1262	0.1007	0.1581	genomes	genomes of that phylum in the GTDB bacterial catalogue (phyla with >=1,000 sampled genomes); numerator = genomes carrying >=1 locus of that family label
Actinomycetota	RVT-UG26	74	59430	0.1245	0.0992	0.1563	genomes	genomes of that phylum in the GTDB bacterial catalogue (phyla with >=1,000 sampled genomes); numerator = genomes carrying >=1 locus of that family label
Actinomycetota	RVT-UG3	74	59430	0.1245	0.0992	0.1563	genomes	genomes of that phylum in the GTDB bacterial catalogue (phyla with >=1,000 sampled genomes); numerator = genomes carrying >=1 locus of that family label
Actinomycetota	RVT-AbiP2	45	59430	0.0757	0.0566	0.1013	genomes	genomes of that phylum in the GTDB bacterial catalogue (phyla with >=1,000 sampled genomes); numerator = genomes carrying >=1 locus of that family label
Actinomycetota	RVT-UG4	28	59430	0.0471	0.0326	0.0681	genomes	genomes of that phylum in the GTDB bacterial catalogue (phyla with >=1,000 sampled genomes); numerator = genomes carrying >=1 locus of that family label
Actinomycetota	MULTI	3	59430	0.005	0.0017	0.0148	genomes	genomes of that phylum in the GTDB bacterial catalogue (phyla with >=1,000 sampled genomes); numerator = genomes carrying >=1 locus of that family label
Campylobacterota	other	892	12704	7.0214	6.59	7.4788	genomes	genomes of that phylum in the GTDB bacterial catalogue (phyla with >=1,000 sampled genomes); numerator = genomes carrying >=1 locus of that family label
Campylobacterota	RVT-DGRs	251	12704	1.9758	1.7479	2.2327	genomes	genomes of that phylum in the GTDB bacterial catalogue (phyla with >=1,000 sampled genomes); numerator = genomes carrying >=1 locus of that family label
Campylobacterota	Retron	230	12704	1.8105	1.5928	2.0573	genomes	genomes of that phylum in the GTDB bacterial catalogue (phyla with >=1,000 sampled genomes); numerator = genomes carrying >=1 locus of that family label
Campylobacterota	RVT-CRISPR	208	12704	1.6373	1.4308	1.873	genomes	genomes of that phylum in the GTDB bacterial catalogue (phyla with >=1,000 sampled genomes); numerator = genomes carrying >=1 locus of that family label
Campylobacterota	RVT-GII	123	12704	0.9682	0.8121	1.1539	genomes	genomes of that phylum in the GTDB bacterial catalogue (phyla with >=1,000 sampled genomes); numerator = genomes carrying >=1 locus of that family label
Campylobacterota	RVT-AbiP2	64	12704	0.5038	0.3947	0.6427	genomes	genomes of that phylum in the GTDB bacterial catalogue (phyla with >=1,000 sampled genomes); numerator = genomes carrying >=1 locus of that family label
Campylobacterota	RVT-UG8	39	12704	0.307	0.2247	0.4194	genomes	genomes of that phylum in the GTDB bacterial catalogue (phyla with >=1,000 sampled genomes); numerator = genomes carrying >=1 locus of that family label
Campylobacterota	RVT-UG3	38	12704	0.2991	0.218	0.4103	genomes	genomes of that phylum in the GTDB bacterial catalogue (phyla with >=1,000 sampled genomes); numerator = genomes carrying >=1 locus of that family label
Campylobacterota	RVT-UG5	29	12704	0.2283	0.159	0.3276	genomes	genomes of that phylum in the GTDB bacterial catalogue (phyla with >=1,000 sampled genomes); numerator = genomes carrying >=1 locus of that family label
Campylobacterota	RVT-UG17	28	12704	0.2204	0.1525	0.3184	genomes	genomes of that phylum in the GTDB bacterial catalogue (phyla with >=1,000 sampled genomes); numerator = genomes carrying >=1 locus of that family label
Campylobacterota	RVT-UG2	7	12704	0.0551	0.0267	0.1137	genomes	genomes of that phylum in the GTDB bacterial catalogue (phyla with >=1,000 sampled genomes); numerator = genomes carrying >=1 locus of that family label
Campylobacterota	RVT-UG26	3	12704	0.0236	0.008	0.0694	genomes	genomes of that phylum in the GTDB bacterial catalogue (phyla with >=1,000 sampled genomes); numerator = genomes carrying >=1 locus of that family label
Patescibacteriota	RVT-DGRs	3488	10847	32.1564	31.2838	33.0415	genomes	genomes of that phylum in the GTDB bacterial catalogue (phyla with >=1,000 sampled genomes); numerator = genomes carrying >=1 locus of that family label
Patescibacteriota	Retron	562	10847	5.1812	4.7797	5.6144	genomes	genomes of that phylum in the GTDB bacterial catalogue (phyla with >=1,000 sampled genomes); numerator = genomes carrying >=1 locus of that family label
Patescibacteriota	other	203	10847	1.8715	1.633	2.1441	genomes	genomes of that phylum in the GTDB bacterial catalogue (phyla with >=1,000 sampled genomes); numerator = genomes carrying >=1 locus of that family label
Patescibacteriota	RVT-GII	140	10847	1.2907	1.0948	1.521	genomes	genomes of that phylum in the GTDB bacterial catalogue (phyla with >=1,000 sampled genomes); numerator = genomes carrying >=1 locus of that family label
Patescibacteriota	RVT-AbiP2	96	10847	0.885	0.7253	1.0795	genomes	genomes of that phylum in the GTDB bacterial catalogue (phyla with >=1,000 sampled genomes); numerator = genomes carrying >=1 locus of that family label
Patescibacteriota	RVT-UG2	69	10847	0.6361	0.503	0.8042	genomes	genomes of that phylum in the GTDB bacterial catalogue (phyla with >=1,000 sampled genomes); numerator = genomes carrying >=1 locus of that family label
Patescibacteriota	MULTI	6	10847	0.0553	0.0254	0.1206	genomes	genomes of that phylum in the GTDB bacterial catalogue (phyla with >=1,000 sampled genomes); numerator = genomes carrying >=1 locus of that family label
Patescibacteriota	RVT-UG4	3	10847	0.0277	0.0094	0.0813	genomes	genomes of that phylum in the GTDB bacterial catalogue (phyla with >=1,000 sampled genomes); numerator = genomes carrying >=1 locus of that family label
Patescibacteriota	RVT-UG17	2	10847	0.0184	0.0051	0.0672	genomes	genomes of that phylum in the GTDB bacterial catalogue (phyla with >=1,000 sampled genomes); numerator = genomes carrying >=1 locus of that family label
Patescibacteriota	RVT-UG3	2	10847	0.0184	0.0051	0.0672	genomes	genomes of that phylum in the GTDB bacterial catalogue (phyla with >=1,000 sampled genomes); numerator = genomes carrying >=1 locus of that family label
Patescibacteriota	RVT-UG8	2	10847	0.0184	0.0051	0.0672	genomes	genomes of that phylum in the GTDB bacterial catalogue (phyla with >=1,000 sampled genomes); numerator = genomes carrying >=1 locus of that family label
Patescibacteriota	RVT-CRISPR	1	10847	0.0092	0.0016	0.0522	genomes	genomes of that phylum in the GTDB bacterial catalogue (phyla with >=1,000 sampled genomes); numerator = genomes carrying >=1 locus of that family label
Patescibacteriota	RVT-UG26	1	10847	0.0092	0.0016	0.0522	genomes	genomes of that phylum in the GTDB bacterial catalogue (phyla with >=1,000 sampled genomes); numerator = genomes carrying >=1 locus of that family label
Verrucomicrobiota	RVT-GII	1071	8325	12.8649	12.1627	13.6012	genomes	genomes of that phylum in the GTDB bacterial catalogue (phyla with >=1,000 sampled genomes); numerator = genomes carrying >=1 locus of that family label
Verrucomicrobiota	RVT-DGRs	536	8325	6.4384	5.931	6.986	genomes	genomes of that phylum in the GTDB bacterial catalogue (phyla with >=1,000 sampled genomes); numerator = genomes carrying >=1 locus of that family label
Verrucomicrobiota	Retron	434	8325	5.2132	4.756	5.7117	genomes	genomes of that phylum in the GTDB bacterial catalogue (phyla with >=1,000 sampled genomes); numerator = genomes carrying >=1 locus of that family label
Verrucomicrobiota	other	322	8325	3.8679	3.4745	4.3038	genomes	genomes of that phylum in the GTDB bacterial catalogue (phyla with >=1,000 sampled genomes); numerator = genomes carrying >=1 locus of that family label
Verrucomicrobiota	RVT-UG5	49	8325	0.5886	0.4455	0.7772	genomes	genomes of that phylum in the GTDB bacterial catalogue (phyla with >=1,000 sampled genomes); numerator = genomes carrying >=1 locus of that family label
Verrucomicrobiota	RVT-UG2	46	8325	0.5526	0.4145	0.7362	genomes	genomes of that phylum in the GTDB bacterial catalogue (phyla with >=1,000 sampled genomes); numerator = genomes carrying >=1 locus of that family label
Verrucomicrobiota	RVT-AbiP2	40	8325	0.4805	0.3531	0.6536	genomes	genomes of that phylum in the GTDB bacterial catalogue (phyla with >=1,000 sampled genomes); numerator = genomes carrying >=1 locus of that family label
Verrucomicrobiota	RVT-CRISPR	16	8325	0.1922	0.1183	0.312	genomes	genomes of that phylum in the GTDB bacterial catalogue (phyla with >=1,000 sampled genomes); numerator = genomes carrying >=1 locus of that family label
Verrucomicrobiota	RVT-UG3	13	8325	0.1562	0.0913	0.267	genomes	genomes of that phylum in the GTDB bacterial catalogue (phyla with >=1,000 sampled genomes); numerator = genomes carrying >=1 locus of that family label
Verrucomicrobiota	RVT-UG8	13	8325	0.1562	0.0913	0.267	genomes	genomes of that phylum in the GTDB bacterial catalogue (phyla with >=1,000 sampled genomes); numerator = genomes carrying >=1 locus of that family label
Verrucomicrobiota	RVT-UG4	9	8325	0.1081	0.0569	0.2054	genomes	genomes of that phylum in the GTDB bacterial catalogue (phyla with >=1,000 sampled genomes); numerator = genomes carrying >=1 locus of that family label
Verrucomicrobiota	RVT-UG17	5	8325	0.0601	0.0257	0.1405	genomes	genomes of that phylum in the GTDB bacterial catalogue (phyla with >=1,000 sampled genomes); numerator = genomes carrying >=1 locus of that family label
Verrucomicrobiota	RVT-UG26	2	8325	0.024	0.0066	0.0876	genomes	genomes of that phylum in the GTDB bacterial catalogue (phyla with >=1,000 sampled genomes); numerator = genomes carrying >=1 locus of that family label
Cyanobacteriota	RVT-GII	1917	7057	27.1645	26.1394	28.2145	genomes	genomes of that phylum in the GTDB bacterial catalogue (phyla with >=1,000 sampled genomes); numerator = genomes carrying >=1 locus of that family label
Cyanobacteriota	RVT-DGRs	1313	7057	18.6056	17.7149	19.5306	genomes	genomes of that phylum in the GTDB bacterial catalogue (phyla with >=1,000 sampled genomes); numerator = genomes carrying >=1 locus of that family label
Cyanobacteriota	Retron	1121	7057	15.8849	15.0507	16.7563	genomes	genomes of that phylum in the GTDB bacterial catalogue (phyla with >=1,000 sampled genomes); numerator = genomes carrying >=1 locus of that family label
Cyanobacteriota	other	521	7057	7.3827	6.7956	8.0163	genomes	genomes of that phylum in the GTDB bacterial catalogue (phyla with >=1,000 sampled genomes); numerator = genomes carrying >=1 locus of that family label
Cyanobacteriota	RVT-CRISPR	167	7057	2.3664	2.0369	2.7478	genomes	genomes of that phylum in the GTDB bacterial catalogue (phyla with >=1,000 sampled genomes); numerator = genomes carrying >=1 locus of that family label
Cyanobacteriota	RVT-UG2	57	7057	0.8077	0.624	1.045	genomes	genomes of that phylum in the GTDB bacterial catalogue (phyla with >=1,000 sampled genomes); numerator = genomes carrying >=1 locus of that family label
Cyanobacteriota	RVT-AbiP2	52	7057	0.7369	0.5624	0.9649	genomes	genomes of that phylum in the GTDB bacterial catalogue (phyla with >=1,000 sampled genomes); numerator = genomes carrying >=1 locus of that family label
Cyanobacteriota	RVT-UG4	43	7057	0.6093	0.4527	0.8197	genomes	genomes of that phylum in the GTDB bacterial catalogue (phyla with >=1,000 sampled genomes); numerator = genomes carrying >=1 locus of that family label
Cyanobacteriota	RVT-UG5	37	7057	0.5243	0.3806	0.7218	genomes	genomes of that phylum in the GTDB bacterial catalogue (phyla with >=1,000 sampled genomes); numerator = genomes carrying >=1 locus of that family label
Cyanobacteriota	RVT-UG17	31	7057	0.4393	0.3097	0.6228	genomes	genomes of that phylum in the GTDB bacterial catalogue (phyla with >=1,000 sampled genomes); numerator = genomes carrying >=1 locus of that family label
Cyanobacteriota	RVT-UG3	12	7057	0.17	0.0973	0.297	genomes	genomes of that phylum in the GTDB bacterial catalogue (phyla with >=1,000 sampled genomes); numerator = genomes carrying >=1 locus of that family label
Cyanobacteriota	RVT-UG8	9	7057	0.1275	0.0671	0.2422	genomes	genomes of that phylum in the GTDB bacterial catalogue (phyla with >=1,000 sampled genomes); numerator = genomes carrying >=1 locus of that family label
Cyanobacteriota	MULTI	2	7057	0.0283	0.0078	0.1033	genomes	genomes of that phylum in the GTDB bacterial catalogue (phyla with >=1,000 sampled genomes); numerator = genomes carrying >=1 locus of that family label
Cyanobacteriota	RVT-UG26	1	7057	0.0142	0.0025	0.0802	genomes	genomes of that phylum in the GTDB bacterial catalogue (phyla with >=1,000 sampled genomes); numerator = genomes carrying >=1 locus of that family label
Chloroflexota	RVT-GII	680	6904	9.8494	9.1686	10.5747	genomes	genomes of that phylum in the GTDB bacterial catalogue (phyla with >=1,000 sampled genomes); numerator = genomes carrying >=1 locus of that family label
Chloroflexota	RVT-DGRs	611	6904	8.8499	8.2027	9.543	genomes	genomes of that phylum in the GTDB bacterial catalogue (phyla with >=1,000 sampled genomes); numerator = genomes carrying >=1 locus of that family label
Chloroflexota	RVT-CRISPR	319	6904	4.6205	4.1501	5.1414	genomes	genomes of that phylum in the GTDB bacterial catalogue (phyla with >=1,000 sampled genomes); numerator = genomes carrying >=1 locus of that family label
Chloroflexota	other	193	6904	2.7955	2.4321	3.2113	genomes	genomes of that phylum in the GTDB bacterial catalogue (phyla with >=1,000 sampled genomes); numerator = genomes carrying >=1 locus of that family label
Chloroflexota	Retron	175	6904	2.5348	2.1896	2.9328	genomes	genomes of that phylum in the GTDB bacterial catalogue (phyla with >=1,000 sampled genomes); numerator = genomes carrying >=1 locus of that family label
Chloroflexota	RVT-AbiP2	50	6904	0.7242	0.5498	0.9534	genomes	genomes of that phylum in the GTDB bacterial catalogue (phyla with >=1,000 sampled genomes); numerator = genomes carrying >=1 locus of that family label
Chloroflexota	RVT-UG26	22	6904	0.3187	0.2105	0.482	genomes	genomes of that phylum in the GTDB bacterial catalogue (phyla with >=1,000 sampled genomes); numerator = genomes carrying >=1 locus of that family label
Chloroflexota	RVT-UG17	15	6904	0.2173	0.1317	0.3582	genomes	genomes of that phylum in the GTDB bacterial catalogue (phyla with >=1,000 sampled genomes); numerator = genomes carrying >=1 locus of that family label
Chloroflexota	RVT-UG2	11	6904	0.1593	0.089	0.2851	genomes	genomes of that phylum in the GTDB bacterial catalogue (phyla with >=1,000 sampled genomes); numerator = genomes carrying >=1 locus of that family label
Chloroflexota	RVT-UG5	9	6904	0.1304	0.0686	0.2476	genomes	genomes of that phylum in the GTDB bacterial catalogue (phyla with >=1,000 sampled genomes); numerator = genomes carrying >=1 locus of that family label
Chloroflexota	RVT-UG4	2	6904	0.029	0.0079	0.1056	genomes	genomes of that phylum in the GTDB bacterial catalogue (phyla with >=1,000 sampled genomes); numerator = genomes carrying >=1 locus of that family label
Chloroflexota	RVT-UG3	1	6904	0.0145	0.0026	0.082	genomes	genomes of that phylum in the GTDB bacterial catalogue (phyla with >=1,000 sampled genomes); numerator = genomes carrying >=1 locus of that family label
Acidobacteriota	RVT-GII	1291	5462	23.636	22.5281	24.781	genomes	genomes of that phylum in the GTDB bacterial catalogue (phyla with >=1,000 sampled genomes); numerator = genomes carrying >=1 locus of that family label
Acidobacteriota	Retron	483	5462	8.8429	8.1186	9.6251	genomes	genomes of that phylum in the GTDB bacterial catalogue (phyla with >=1,000 sampled genomes); numerator = genomes carrying >=1 locus of that family label
Acidobacteriota	other	327	5462	5.9868	5.388	6.6475	genomes	genomes of that phylum in the GTDB bacterial catalogue (phyla with >=1,000 sampled genomes); numerator = genomes carrying >=1 locus of that family label
Acidobacteriota	RVT-DGRs	144	5462	2.6364	2.2436	3.0957	genomes	genomes of that phylum in the GTDB bacterial catalogue (phyla with >=1,000 sampled genomes); numerator = genomes carrying >=1 locus of that family label
Acidobacteriota	RVT-CRISPR	65	5462	1.19	0.9348	1.5139	genomes	genomes of that phylum in the GTDB bacterial catalogue (phyla with >=1,000 sampled genomes); numerator = genomes carrying >=1 locus of that family label
Acidobacteriota	RVT-AbiP2	18	5462	0.3295	0.2086	0.5204	genomes	genomes of that phylum in the GTDB bacterial catalogue (phyla with >=1,000 sampled genomes); numerator = genomes carrying >=1 locus of that family label
Acidobacteriota	RVT-UG4	18	5462	0.3295	0.2086	0.5204	genomes	genomes of that phylum in the GTDB bacterial catalogue (phyla with >=1,000 sampled genomes); numerator = genomes carrying >=1 locus of that family label
Acidobacteriota	RVT-UG5	13	5462	0.238	0.1392	0.4068	genomes	genomes of that phylum in the GTDB bacterial catalogue (phyla with >=1,000 sampled genomes); numerator = genomes carrying >=1 locus of that family label
Acidobacteriota	RVT-UG2	11	5462	0.2014	0.1125	0.3603	genomes	genomes of that phylum in the GTDB bacterial catalogue (phyla with >=1,000 sampled genomes); numerator = genomes carrying >=1 locus of that family label
Acidobacteriota	RVT-UG3	6	5462	0.1098	0.0504	0.2395	genomes	genomes of that phylum in the GTDB bacterial catalogue (phyla with >=1,000 sampled genomes); numerator = genomes carrying >=1 locus of that family label
Acidobacteriota	RVT-UG8	6	5462	0.1098	0.0504	0.2395	genomes	genomes of that phylum in the GTDB bacterial catalogue (phyla with >=1,000 sampled genomes); numerator = genomes carrying >=1 locus of that family label
Acidobacteriota	RVT-UG26	2	5462	0.0366	0.01	0.1334	genomes	genomes of that phylum in the GTDB bacterial catalogue (phyla with >=1,000 sampled genomes); numerator = genomes carrying >=1 locus of that family label
Spirochaetota	RVT-DGRs	698	5241	13.3181	12.425	14.2649	genomes	genomes of that phylum in the GTDB bacterial catalogue (phyla with >=1,000 sampled genomes); numerator = genomes carrying >=1 locus of that family label
Spirochaetota	RVT-GII	532	5241	10.1507	9.3621	10.9978	genomes	genomes of that phylum in the GTDB bacterial catalogue (phyla with >=1,000 sampled genomes); numerator = genomes carrying >=1 locus of that family label
Spirochaetota	other	286	5241	5.457	4.874	6.1052	genomes	genomes of that phylum in the GTDB bacterial catalogue (phyla with >=1,000 sampled genomes); numerator = genomes carrying >=1 locus of that family label
Spirochaetota	Retron	179	5241	3.4154	2.9568	3.9422	genomes	genomes of that phylum in the GTDB bacterial catalogue (phyla with >=1,000 sampled genomes); numerator = genomes carrying >=1 locus of that family label
Spirochaetota	RVT-AbiP2	16	5241	0.3053	0.188	0.4954	genomes	genomes of that phylum in the GTDB bacterial catalogue (phyla with >=1,000 sampled genomes); numerator = genomes carrying >=1 locus of that family label
Spirochaetota	RVT-UG2	13	5241	0.248	0.145	0.4239	genomes	genomes of that phylum in the GTDB bacterial catalogue (phyla with >=1,000 sampled genomes); numerator = genomes carrying >=1 locus of that family label
Spirochaetota	RVT-UG3	12	5241	0.229	0.131	0.3998	genomes	genomes of that phylum in the GTDB bacterial catalogue (phyla with >=1,000 sampled genomes); numerator = genomes carrying >=1 locus of that family label
Spirochaetota	RVT-UG8	12	5241	0.229	0.131	0.3998	genomes	genomes of that phylum in the GTDB bacterial catalogue (phyla with >=1,000 sampled genomes); numerator = genomes carrying >=1 locus of that family label
Spirochaetota	RVT-UG17	10	5241	0.1908	0.1037	0.3509	genomes	genomes of that phylum in the GTDB bacterial catalogue (phyla with >=1,000 sampled genomes); numerator = genomes carrying >=1 locus of that family label
Spirochaetota	RVT-UG5	8	5241	0.1526	0.0774	0.3009	genomes	genomes of that phylum in the GTDB bacterial catalogue (phyla with >=1,000 sampled genomes); numerator = genomes carrying >=1 locus of that family label
Spirochaetota	RVT-UG26	7	5241	0.1336	0.0647	0.2755	genomes	genomes of that phylum in the GTDB bacterial catalogue (phyla with >=1,000 sampled genomes); numerator = genomes carrying >=1 locus of that family label
Spirochaetota	MULTI	2	5241	0.0382	0.0105	0.139	genomes	genomes of that phylum in the GTDB bacterial catalogue (phyla with >=1,000 sampled genomes); numerator = genomes carrying >=1 locus of that family label
Spirochaetota	RVT-CRISPR	1	5241	0.0191	0.0034	0.108	genomes	genomes of that phylum in the GTDB bacterial catalogue (phyla with >=1,000 sampled genomes); numerator = genomes carrying >=1 locus of that family label
Planctomycetota	Retron	1205	5138	23.4527	22.3143	24.6308	genomes	genomes of that phylum in the GTDB bacterial catalogue (phyla with >=1,000 sampled genomes); numerator = genomes carrying >=1 locus of that family label
Planctomycetota	RVT-GII	819	5138	15.9401	14.9647	16.9663	genomes	genomes of that phylum in the GTDB bacterial catalogue (phyla with >=1,000 sampled genomes); numerator = genomes carrying >=1 locus of that family label
Planctomycetota	RVT-DGRs	355	5138	6.9093	6.2475	7.6354	genomes	genomes of that phylum in the GTDB bacterial catalogue (phyla with >=1,000 sampled genomes); numerator = genomes carrying >=1 locus of that family label
Planctomycetota	other	188	5138	3.659	3.1793	4.208	genomes	genomes of that phylum in the GTDB bacterial catalogue (phyla with >=1,000 sampled genomes); numerator = genomes carrying >=1 locus of that family label
Planctomycetota	RVT-CRISPR	69	5138	1.3429	1.0626	1.696	genomes	genomes of that phylum in the GTDB bacterial catalogue (phyla with >=1,000 sampled genomes); numerator = genomes carrying >=1 locus of that family label
Planctomycetota	RVT-AbiP2	33	5138	0.6423	0.4577	0.9006	genomes	genomes of that phylum in the GTDB bacterial catalogue (phyla with >=1,000 sampled genomes); numerator = genomes carrying >=1 locus of that family label
Planctomycetota	RVT-UG4	20	5138	0.3893	0.2521	0.6005	genomes	genomes of that phylum in the GTDB bacterial catalogue (phyla with >=1,000 sampled genomes); numerator = genomes carrying >=1 locus of that family label
Planctomycetota	RVT-UG5	17	5138	0.3309	0.2067	0.5293	genomes	genomes of that phylum in the GTDB bacterial catalogue (phyla with >=1,000 sampled genomes); numerator = genomes carrying >=1 locus of that family label
Planctomycetota	RVT-UG2	12	5138	0.2336	0.1337	0.4078	genomes	genomes of that phylum in the GTDB bacterial catalogue (phyla with >=1,000 sampled genomes); numerator = genomes carrying >=1 locus of that family label
Planctomycetota	RVT-UG8	3	5138	0.0584	0.0199	0.1715	genomes	genomes of that phylum in the GTDB bacterial catalogue (phyla with >=1,000 sampled genomes); numerator = genomes carrying >=1 locus of that family label
Planctomycetota	RVT-UG3	2	5138	0.0389	0.0107	0.1418	genomes	genomes of that phylum in the GTDB bacterial catalogue (phyla with >=1,000 sampled genomes); numerator = genomes carrying >=1 locus of that family label
Planctomycetota	RVT-UG17	1	5138	0.0195	0.0034	0.1102	genomes	genomes of that phylum in the GTDB bacterial catalogue (phyla with >=1,000 sampled genomes); numerator = genomes carrying >=1 locus of that family label
Desulfobacterota	RVT-GII	1139	3821	29.809	28.3795	31.279	genomes	genomes of that phylum in the GTDB bacterial catalogue (phyla with >=1,000 sampled genomes); numerator = genomes carrying >=1 locus of that family label
Desulfobacterota	RVT-DGRs	237	3821	6.2026	5.4809	7.0122	genomes	genomes of that phylum in the GTDB bacterial catalogue (phyla with >=1,000 sampled genomes); numerator = genomes carrying >=1 locus of that family label
Desulfobacterota	other	170	3821	4.4491	3.8398	5.1499	genomes	genomes of that phylum in the GTDB bacterial catalogue (phyla with >=1,000 sampled genomes); numerator = genomes carrying >=1 locus of that family label
Desulfobacterota	Retron	146	3821	3.821	3.2581	4.4767	genomes	genomes of that phylum in the GTDB bacterial catalogue (phyla with >=1,000 sampled genomes); numerator = genomes carrying >=1 locus of that family label
Desulfobacterota	RVT-CRISPR	89	3821	2.3292	1.8967	2.8575	genomes	genomes of that phylum in the GTDB bacterial catalogue (phyla with >=1,000 sampled genomes); numerator = genomes carrying >=1 locus of that family label
Desulfobacterota	RVT-UG4	37	3821	0.9683	0.7034	1.3318	genomes	genomes of that phylum in the GTDB bacterial catalogue (phyla with >=1,000 sampled genomes); numerator = genomes carrying >=1 locus of that family label
Desulfobacterota	RVT-UG5	18	3821	0.4711	0.2982	0.7435	genomes	genomes of that phylum in the GTDB bacterial catalogue (phyla with >=1,000 sampled genomes); numerator = genomes carrying >=1 locus of that family label
Desulfobacterota	RVT-UG2	10	3821	0.2617	0.1422	0.4811	genomes	genomes of that phylum in the GTDB bacterial catalogue (phyla with >=1,000 sampled genomes); numerator = genomes carrying >=1 locus of that family label
Desulfobacterota	RVT-AbiP2	8	3821	0.2094	0.1061	0.4126	genomes	genomes of that phylum in the GTDB bacterial catalogue (phyla with >=1,000 sampled genomes); numerator = genomes carrying >=1 locus of that family label
Desulfobacterota	RVT-UG17	7	3821	0.1832	0.0888	0.3777	genomes	genomes of that phylum in the GTDB bacterial catalogue (phyla with >=1,000 sampled genomes); numerator = genomes carrying >=1 locus of that family label
Desulfobacterota	RVT-UG8	6	3821	0.157	0.072	0.3422	genomes	genomes of that phylum in the GTDB bacterial catalogue (phyla with >=1,000 sampled genomes); numerator = genomes carrying >=1 locus of that family label
Desulfobacterota	RVT-UG3	5	3821	0.1309	0.0559	0.306	genomes	genomes of that phylum in the GTDB bacterial catalogue (phyla with >=1,000 sampled genomes); numerator = genomes carrying >=1 locus of that family label
Bacteroidota_A	RVT-GII	598	2885	20.7279	19.2881	22.2455	genomes	genomes of that phylum in the GTDB bacterial catalogue (phyla with >=1,000 sampled genomes); numerator = genomes carrying >=1 locus of that family label
Bacteroidota_A	RVT-DGRs	263	2885	9.1161	8.1195	10.2215	genomes	genomes of that phylum in the GTDB bacterial catalogue (phyla with >=1,000 sampled genomes); numerator = genomes carrying >=1 locus of that family label
Bacteroidota_A	Retron	124	2885	4.2981	3.6168	5.1009	genomes	genomes of that phylum in the GTDB bacterial catalogue (phyla with >=1,000 sampled genomes); numerator = genomes carrying >=1 locus of that family label
Bacteroidota_A	other	115	2885	3.9861	3.3313	4.7633	genomes	genomes of that phylum in the GTDB bacterial catalogue (phyla with >=1,000 sampled genomes); numerator = genomes carrying >=1 locus of that family label
Bacteroidota_A	RVT-AbiP2	47	2885	1.6291	1.2273	2.1595	genomes	genomes of that phylum in the GTDB bacterial catalogue (phyla with >=1,000 sampled genomes); numerator = genomes carrying >=1 locus of that family label
Bacteroidota_A	RVT-CRISPR	46	2885	1.5945	1.1975	2.1201	genomes	genomes of that phylum in the GTDB bacterial catalogue (phyla with >=1,000 sampled genomes); numerator = genomes carrying >=1 locus of that family label
Bacteroidota_A	RVT-UG2	18	2885	0.6239	0.395	0.9841	genomes	genomes of that phylum in the GTDB bacterial catalogue (phyla with >=1,000 sampled genomes); numerator = genomes carrying >=1 locus of that family label
Bacteroidota_A	RVT-UG5	18	2885	0.6239	0.395	0.9841	genomes	genomes of that phylum in the GTDB bacterial catalogue (phyla with >=1,000 sampled genomes); numerator = genomes carrying >=1 locus of that family label
Bacteroidota_A	RVT-UG3	17	2885	0.5893	0.3682	0.9417	genomes	genomes of that phylum in the GTDB bacterial catalogue (phyla with >=1,000 sampled genomes); numerator = genomes carrying >=1 locus of that family label
Bacteroidota_A	RVT-UG4	17	2885	0.5893	0.3682	0.9417	genomes	genomes of that phylum in the GTDB bacterial catalogue (phyla with >=1,000 sampled genomes); numerator = genomes carrying >=1 locus of that family label
Bacteroidota_A	RVT-UG8	16	2885	0.5546	0.3417	0.899	genomes	genomes of that phylum in the GTDB bacterial catalogue (phyla with >=1,000 sampled genomes); numerator = genomes carrying >=1 locus of that family label
Bacteroidota_A	RVT-UG17	8	2885	0.2773	0.1406	0.5463	genomes	genomes of that phylum in the GTDB bacterial catalogue (phyla with >=1,000 sampled genomes); numerator = genomes carrying >=1 locus of that family label
Gemmatimonadota	RVT-GII	328	2323	14.1197	12.7628	15.595	genomes	genomes of that phylum in the GTDB bacterial catalogue (phyla with >=1,000 sampled genomes); numerator = genomes carrying >=1 locus of that family label
Gemmatimonadota	Retron	58	2323	2.4968	1.9364	3.214	genomes	genomes of that phylum in the GTDB bacterial catalogue (phyla with >=1,000 sampled genomes); numerator = genomes carrying >=1 locus of that family label
Gemmatimonadota	other	33	2323	1.4206	1.0133	1.9882	genomes	genomes of that phylum in the GTDB bacterial catalogue (phyla with >=1,000 sampled genomes); numerator = genomes carrying >=1 locus of that family label
Gemmatimonadota	RVT-CRISPR	6	2323	0.2583	0.1184	0.5624	genomes	genomes of that phylum in the GTDB bacterial catalogue (phyla with >=1,000 sampled genomes); numerator = genomes carrying >=1 locus of that family label
Gemmatimonadota	RVT-DGRs	6	2323	0.2583	0.1184	0.5624	genomes	genomes of that phylum in the GTDB bacterial catalogue (phyla with >=1,000 sampled genomes); numerator = genomes carrying >=1 locus of that family label
Gemmatimonadota	RVT-UG17	2	2323	0.0861	0.0236	0.3134	genomes	genomes of that phylum in the GTDB bacterial catalogue (phyla with >=1,000 sampled genomes); numerator = genomes carrying >=1 locus of that family label
Gemmatimonadota	RVT-AbiP2	1	2323	0.043	0.0076	0.2434	genomes	genomes of that phylum in the GTDB bacterial catalogue (phyla with >=1,000 sampled genomes); numerator = genomes carrying >=1 locus of that family label
Gemmatimonadota	RVT-UG5	1	2323	0.043	0.0076	0.2434	genomes	genomes of that phylum in the GTDB bacterial catalogue (phyla with >=1,000 sampled genomes); numerator = genomes carrying >=1 locus of that family label
Desulfobacterota_I	Retron	337	2085	16.1631	14.6455	17.8051	genomes	genomes of that phylum in the GTDB bacterial catalogue (phyla with >=1,000 sampled genomes); numerator = genomes carrying >=1 locus of that family label
Desulfobacterota_I	RVT-DGRs	251	2085	12.0384	10.7109	13.5054	genomes	genomes of that phylum in the GTDB bacterial catalogue (phyla with >=1,000 sampled genomes); numerator = genomes carrying >=1 locus of that family label
Desulfobacterota_I	RVT-GII	94	2085	4.5084	3.6983	5.4858	genomes	genomes of that phylum in the GTDB bacterial catalogue (phyla with >=1,000 sampled genomes); numerator = genomes carrying >=1 locus of that family label
Desulfobacterota_I	other	29	2085	1.3909	0.9702	1.9904	genomes	genomes of that phylum in the GTDB bacterial catalogue (phyla with >=1,000 sampled genomes); numerator = genomes carrying >=1 locus of that family label
Desulfobacterota_I	RVT-UG17	17	2085	0.8153	0.5097	1.3019	genomes	genomes of that phylum in the GTDB bacterial catalogue (phyla with >=1,000 sampled genomes); numerator = genomes carrying >=1 locus of that family label
Desulfobacterota_I	RVT-UG3	13	2085	0.6235	0.3647	1.0639	genomes	genomes of that phylum in the GTDB bacterial catalogue (phyla with >=1,000 sampled genomes); numerator = genomes carrying >=1 locus of that family label
Desulfobacterota_I	RVT-UG8	13	2085	0.6235	0.3647	1.0639	genomes	genomes of that phylum in the GTDB bacterial catalogue (phyla with >=1,000 sampled genomes); numerator = genomes carrying >=1 locus of that family label
Desulfobacterota_I	RVT-AbiP2	9	2085	0.4317	0.2273	0.8184	genomes	genomes of that phylum in the GTDB bacterial catalogue (phyla with >=1,000 sampled genomes); numerator = genomes carrying >=1 locus of that family label
Desulfobacterota_I	RVT-UG2	7	2085	0.3357	0.1627	0.6914	genomes	genomes of that phylum in the GTDB bacterial catalogue (phyla with >=1,000 sampled genomes); numerator = genomes carrying >=1 locus of that family label
Desulfobacterota_I	RVT-CRISPR	2	2085	0.0959	0.0263	0.3491	genomes	genomes of that phylum in the GTDB bacterial catalogue (phyla with >=1,000 sampled genomes); numerator = genomes carrying >=1 locus of that family label
Desulfobacterota_I	RVT-UG5	2	2085	0.0959	0.0263	0.3491	genomes	genomes of that phylum in the GTDB bacterial catalogue (phyla with >=1,000 sampled genomes); numerator = genomes carrying >=1 locus of that family label
Desulfobacterota_I	RVT-UG4	1	2085	0.048	0.0085	0.2712	genomes	genomes of that phylum in the GTDB bacterial catalogue (phyla with >=1,000 sampled genomes); numerator = genomes carrying >=1 locus of that family label
Myxococcota	Retron	671	1941	34.5698	32.4864	36.7142	genomes	genomes of that phylum in the GTDB bacterial catalogue (phyla with >=1,000 sampled genomes); numerator = genomes carrying >=1 locus of that family label
Myxococcota	RVT-GII	548	1941	28.2329	26.2749	30.2769	genomes	genomes of that phylum in the GTDB bacterial catalogue (phyla with >=1,000 sampled genomes); numerator = genomes carrying >=1 locus of that family label
Myxococcota	RVT-DGRs	168	1941	8.6553	7.4847	9.9893	genomes	genomes of that phylum in the GTDB bacterial catalogue (phyla with >=1,000 sampled genomes); numerator = genomes carrying >=1 locus of that family label
Myxococcota	other	121	1941	6.2339	5.2424	7.3983	genomes	genomes of that phylum in the GTDB bacterial catalogue (phyla with >=1,000 sampled genomes); numerator = genomes carrying >=1 locus of that family label
Myxococcota	RVT-CRISPR	29	1941	1.4941	1.0423	2.1375	genomes	genomes of that phylum in the GTDB bacterial catalogue (phyla with >=1,000 sampled genomes); numerator = genomes carrying >=1 locus of that family label
Myxococcota	RVT-UG5	18	1941	0.9274	0.5874	1.4612	genomes	genomes of that phylum in the GTDB bacterial catalogue (phyla with >=1,000 sampled genomes); numerator = genomes carrying >=1 locus of that family label
Myxococcota	RVT-UG2	9	1941	0.4637	0.2441	0.8789	genomes	genomes of that phylum in the GTDB bacterial catalogue (phyla with >=1,000 sampled genomes); numerator = genomes carrying >=1 locus of that family label
Myxococcota	RVT-UG4	2	1941	0.103	0.0283	0.3749	genomes	genomes of that phylum in the GTDB bacterial catalogue (phyla with >=1,000 sampled genomes); numerator = genomes carrying >=1 locus of that family label
Myxococcota	RVT-AbiP2	1	1941	0.0515	0.0091	0.2913	genomes	genomes of that phylum in the GTDB bacterial catalogue (phyla with >=1,000 sampled genomes); numerator = genomes carrying >=1 locus of that family label
Myxococcota	RVT-UG17	1	1941	0.0515	0.0091	0.2913	genomes	genomes of that phylum in the GTDB bacterial catalogue (phyla with >=1,000 sampled genomes); numerator = genomes carrying >=1 locus of that family label
Myxococcota	RVT-UG26	1	1941	0.0515	0.0091	0.2913	genomes	genomes of that phylum in the GTDB bacterial catalogue (phyla with >=1,000 sampled genomes); numerator = genomes carrying >=1 locus of that family label
Myxococcota	RVT-UG3	1	1941	0.0515	0.0091	0.2913	genomes	genomes of that phylum in the GTDB bacterial catalogue (phyla with >=1,000 sampled genomes); numerator = genomes carrying >=1 locus of that family label
Myxococcota	RVT-UG8	1	1941	0.0515	0.0091	0.2913	genomes	genomes of that phylum in the GTDB bacterial catalogue (phyla with >=1,000 sampled genomes); numerator = genomes carrying >=1 locus of that family label
Nitrospirota	RVT-GII	261	1375	18.9818	16.9965	21.1399	genomes	genomes of that phylum in the GTDB bacterial catalogue (phyla with >=1,000 sampled genomes); numerator = genomes carrying >=1 locus of that family label
Nitrospirota	RVT-DGRs	89	1375	6.4727	5.2897	7.8983	genomes	genomes of that phylum in the GTDB bacterial catalogue (phyla with >=1,000 sampled genomes); numerator = genomes carrying >=1 locus of that family label
Nitrospirota	other	74	1375	5.3818	4.3086	6.7037	genomes	genomes of that phylum in the GTDB bacterial catalogue (phyla with >=1,000 sampled genomes); numerator = genomes carrying >=1 locus of that family label
Nitrospirota	Retron	48	1375	3.4909	2.643	4.5979	genomes	genomes of that phylum in the GTDB bacterial catalogue (phyla with >=1,000 sampled genomes); numerator = genomes carrying >=1 locus of that family label
Nitrospirota	RVT-CRISPR	20	1375	1.4545	0.9435	2.236	genomes	genomes of that phylum in the GTDB bacterial catalogue (phyla with >=1,000 sampled genomes); numerator = genomes carrying >=1 locus of that family label
Nitrospirota	RVT-AbiP2	17	1375	1.2364	0.7733	1.9711	genomes	genomes of that phylum in the GTDB bacterial catalogue (phyla with >=1,000 sampled genomes); numerator = genomes carrying >=1 locus of that family label
Nitrospirota	RVT-UG4	4	1375	0.2909	0.1132	0.7456	genomes	genomes of that phylum in the GTDB bacterial catalogue (phyla with >=1,000 sampled genomes); numerator = genomes carrying >=1 locus of that family label
Nitrospirota	RVT-UG5	4	1375	0.2909	0.1132	0.7456	genomes	genomes of that phylum in the GTDB bacterial catalogue (phyla with >=1,000 sampled genomes); numerator = genomes carrying >=1 locus of that family label
Nitrospirota	RVT-UG17	2	1375	0.1455	0.0399	0.5288	genomes	genomes of that phylum in the GTDB bacterial catalogue (phyla with >=1,000 sampled genomes); numerator = genomes carrying >=1 locus of that family label
Nitrospirota	RVT-UG3	1	1375	0.0727	0.0128	0.4108	genomes	genomes of that phylum in the GTDB bacterial catalogue (phyla with >=1,000 sampled genomes); numerator = genomes carrying >=1 locus of that family label
Nitrospirota	RVT-UG8	1	1375	0.0727	0.0128	0.4108	genomes	genomes of that phylum in the GTDB bacterial catalogue (phyla with >=1,000 sampled genomes); numerator = genomes carrying >=1 locus of that family label
Fusobacteriota	RVT-GII	89	1178	7.5552	6.1801	9.2062	genomes	genomes of that phylum in the GTDB bacterial catalogue (phyla with >=1,000 sampled genomes); numerator = genomes carrying >=1 locus of that family label
Fusobacteriota	other	72	1178	6.1121	4.8815	7.6279	genomes	genomes of that phylum in the GTDB bacterial catalogue (phyla with >=1,000 sampled genomes); numerator = genomes carrying >=1 locus of that family label
Fusobacteriota	Retron	59	1178	5.0085	3.9026	6.4069	genomes	genomes of that phylum in the GTDB bacterial catalogue (phyla with >=1,000 sampled genomes); numerator = genomes carrying >=1 locus of that family label
Fusobacteriota	RVT-AbiP2	54	1178	4.584	3.5302	5.9331	genomes	genomes of that phylum in the GTDB bacterial catalogue (phyla with >=1,000 sampled genomes); numerator = genomes carrying >=1 locus of that family label
Fusobacteriota	RVT-DGRs	31	1178	2.6316	1.86	3.7111	genomes	genomes of that phylum in the GTDB bacterial catalogue (phyla with >=1,000 sampled genomes); numerator = genomes carrying >=1 locus of that family label
Fusobacteriota	RVT-UG5	28	1178	2.3769	1.6496	3.4139	genomes	genomes of that phylum in the GTDB bacterial catalogue (phyla with >=1,000 sampled genomes); numerator = genomes carrying >=1 locus of that family label
Fusobacteriota	RVT-UG2	11	1178	0.9338	0.5222	1.6643	genomes	genomes of that phylum in the GTDB bacterial catalogue (phyla with >=1,000 sampled genomes); numerator = genomes carrying >=1 locus of that family label
Fusobacteriota	RVT-UG17	8	1178	0.6791	0.3445	1.3343	genomes	genomes of that phylum in the GTDB bacterial catalogue (phyla with >=1,000 sampled genomes); numerator = genomes carrying >=1 locus of that family label
Fusobacteriota	RVT-CRISPR	1	1178	0.0849	0.015	0.4793	genomes	genomes of that phylum in the GTDB bacterial catalogue (phyla with >=1,000 sampled genomes); numerator = genomes carrying >=1 locus of that family label
Fusobacteriota	RVT-UG26	1	1178	0.0849	0.015	0.4793	genomes	genomes of that phylum in the GTDB bacterial catalogue (phyla with >=1,000 sampled genomes); numerator = genomes carrying >=1 locus of that family label
Fusobacteriota	RVT-UG3	1	1178	0.0849	0.015	0.4793	genomes	genomes of that phylum in the GTDB bacterial catalogue (phyla with >=1,000 sampled genomes); numerator = genomes carrying >=1 locus of that family label
Fusobacteriota	RVT-UG8	1	1178	0.0849	0.015	0.4793	genomes	genomes of that phylum in the GTDB bacterial catalogue (phyla with >=1,000 sampled genomes); numerator = genomes carrying >=1 locus of that family label
Chlamydiota	RVT-GII	98	1033	9.4869	7.8471	11.427	genomes	genomes of that phylum in the GTDB bacterial catalogue (phyla with >=1,000 sampled genomes); numerator = genomes carrying >=1 locus of that family label
Chlamydiota	RVT-DGRs	29	1033	2.8074	1.9617	4.0027	genomes	genomes of that phylum in the GTDB bacterial catalogue (phyla with >=1,000 sampled genomes); numerator = genomes carrying >=1 locus of that family label
Chlamydiota	other	7	1033	0.6776	0.3286	1.3921	genomes	genomes of that phylum in the GTDB bacterial catalogue (phyla with >=1,000 sampled genomes); numerator = genomes carrying >=1 locus of that family label
Chlamydiota	Retron	6	1033	0.5808	0.2665	1.2614	genomes	genomes of that phylum in the GTDB bacterial catalogue (phyla with >=1,000 sampled genomes); numerator = genomes carrying >=1 locus of that family label
Chlamydiota	RVT-UG4	4	1033	0.3872	0.1507	0.9914	genomes	genomes of that phylum in the GTDB bacterial catalogue (phyla with >=1,000 sampled genomes); numerator = genomes carrying >=1 locus of that family label
Chlamydiota	RVT-UG26	2	1033	0.1936	0.0531	0.7032	genomes	genomes of that phylum in the GTDB bacterial catalogue (phyla with >=1,000 sampled genomes); numerator = genomes carrying >=1 locus of that family label
Chlamydiota	MULTI	1	1033	0.0968	0.0171	0.5463	genomes	genomes of that phylum in the GTDB bacterial catalogue (phyla with >=1,000 sampled genomes); numerator = genomes carrying >=1 locus of that family label
Chlamydiota	RVT-UG2	1	1033	0.0968	0.0171	0.5463	genomes	genomes of that phylum in the GTDB bacterial catalogue (phyla with >=1,000 sampled genomes); numerator = genomes carrying >=1 locus of that family label
Chlamydiota	RVT-UG5	1	1033	0.0968	0.0171	0.5463	genomes	genomes of that phylum in the GTDB bacterial catalogue (phyla with >=1,000 sampled genomes); numerator = genomes carrying >=1 locus of that family label
