source_database	concept	column	n_genomes_with_a_value	n_genomes	pct_genomes_with_a_value	unit	denominator
gtdb_bacteria	completeness	checkm2_completeness	299306	299306	100.0	genome entries	genome entries per source database (carried from the landed g5 table, re-emitted unchanged)
gtdb_bacteria	contamination	checkm2_contamination	299306	299306	100.0	genome entries	genome entries per source database (carried from the landed g5 table, re-emitted unchanged)
gtdb_bacteria	n50	n50_contigs	299306	299306	100.0	genome entries	genome entries per source database (carried from the landed g5 table, re-emitted unchanged)
gtdb_archaea	completeness	checkm2_completeness	1806	1806	100.0	genome entries	genome entries per source database (carried from the landed g5 table, re-emitted unchanged)
gtdb_archaea	contamination	checkm2_contamination	1806	1806	100.0	genome entries	genome entries per source database (carried from the landed g5 table, re-emitted unchanged)
gtdb_archaea	n50	n50_contigs	1806	1806	100.0	genome entries	genome entries per source database (carried from the landed g5 table, re-emitted unchanged)
gem	completeness	completeness	13645	13645	100.0	genome entries	genome entries per source database (carried from the landed g5 table, re-emitted unchanged)
gem	contamination	contamination	13645	13645	100.0	genome entries	genome entries per source database (carried from the landed g5 table, re-emitted unchanged)
gem	n50	n50	13645	13645	100.0	genome entries	genome entries per source database (carried from the landed g5 table, re-emitted unchanged)
mgnify_human_gut	completeness	Completeness	87226	87226	100.0	genome entries	genome entries per source database (carried from the landed g5 table, re-emitted unchanged)
mgnify_human_gut	contamination	Contamination	87226	87226	100.0	genome entries	genome entries per source database (carried from the landed g5 table, re-emitted unchanged)
mgnify_human_gut	n50	N50	87226	87226	100.0	genome entries	genome entries per source database (carried from the landed g5 table, re-emitted unchanged)
mgnify_marine	completeness	Completeness	4817	4817	100.0	genome entries	genome entries per source database (carried from the landed g5 table, re-emitted unchanged)
mgnify_marine	contamination	Contamination	4817	4817	100.0	genome entries	genome entries per source database (carried from the landed g5 table, re-emitted unchanged)
mgnify_marine	n50	N50	4817	4817	100.0	genome entries	genome entries per source database (carried from the landed g5 table, re-emitted unchanged)
mgnify_soil	completeness	Completeness	5461	5461	100.0	genome entries	genome entries per source database (carried from the landed g5 table, re-emitted unchanged)
mgnify_soil	contamination	Contamination	5461	5461	100.0	genome entries	genome entries per source database (carried from the landed g5 table, re-emitted unchanged)
mgnify_soil	n50	N50	5461	5461	100.0	genome entries	genome entries per source database (carried from the landed g5 table, re-emitted unchanged)
ncbi_bacteria	completeness	no column in this catalogue	0	1237519	0.0	genome entries	genome entries per source database (carried from the landed g5 table, re-emitted unchanged)
ncbi_bacteria	contamination	no column in this catalogue	0	1237519	0.0	genome entries	genome entries per source database (carried from the landed g5 table, re-emitted unchanged)
ncbi_bacteria	n50	no column in this catalogue	0	1237519	0.0	genome entries	genome entries per source database (carried from the landed g5 table, re-emitted unchanged)
ncbi_archaea	completeness	no column in this catalogue	0	4047	0.0	genome entries	genome entries per source database (carried from the landed g5 table, re-emitted unchanged)
ncbi_archaea	contamination	no column in this catalogue	0	4047	0.0	genome entries	genome entries per source database (carried from the landed g5 table, re-emitted unchanged)
ncbi_archaea	n50	no column in this catalogue	0	4047	0.0	genome entries	genome entries per source database (carried from the landed g5 table, re-emitted unchanged)
