prior_region_id	frame_id	prior_label	prior_coordinate_kind	prior_start	prior_end	ltra_start	ltra_end	best_g2_block	jaccard_on_ltra_residues	n_g2_blocks_overlapping	correspondence	containment_or_jaccard	note	source_table	unit	frame	denominator
RT17_CORE:RT1	RT17_CORE	RT1	hmm_match_state_point	42	42	49	49	1	0.043	1	INSIDE_A_G2_REGION	containment (the prior region is a single point)	the prior landmark is a single match state, not a span: the prior work defined RT1-RT7 as points in an alignment, so it never carried block extents to compare	d_instrument_audit/tables/a6_landmark_concordance.tsv	prior region mapped onto shared LtrA residues	LtrA residue coordinates	6 independently reconstructed g2 regions
RT17_CORE:RT2	RT17_CORE	RT2	hmm_match_state_point	87	87	102	102	2	0.022	1	INSIDE_A_G2_REGION	containment (the prior region is a single point)	the prior landmark is a single match state, not a span: the prior work defined RT1-RT7 as points in an alignment, so it never carried block extents to compare	d_instrument_audit/tables/a6_landmark_concordance.tsv	prior region mapped onto shared LtrA residues	LtrA residue coordinates	6 independently reconstructed g2 regions
RT17_CORE:RT3	RT17_CORE	RT3	hmm_match_state_point	146	146	160	160	3	0.024	1	INSIDE_A_G2_REGION	containment (the prior region is a single point)	the prior landmark is a single match state, not a span: the prior work defined RT1-RT7 as points in an alignment, so it never carried block extents to compare	d_instrument_audit/tables/a6_landmark_concordance.tsv	prior region mapped onto shared LtrA residues	LtrA residue coordinates	6 independently reconstructed g2 regions
RT17_CORE:RT4	RT17_CORE	RT4	hmm_match_state_point	193	193	213	213	4	0.016	1	INSIDE_A_G2_REGION	containment (the prior region is a single point)	the prior landmark is a single match state, not a span: the prior work defined RT1-RT7 as points in an alignment, so it never carried block extents to compare	d_instrument_audit/tables/a6_landmark_concordance.tsv	prior region mapped onto shared LtrA residues	LtrA residue coordinates	6 independently reconstructed g2 regions
RT17_CORE:RT5	RT17_CORE	RT5	hmm_match_state_point	229	229	308	308	5	0.023	1	INSIDE_A_G2_REGION	containment (the prior region is a single point)	the prior landmark is a single match state, not a span: the prior work defined RT1-RT7 as points in an alignment, so it never carried block extents to compare	d_instrument_audit/tables/a6_landmark_concordance.tsv	prior region mapped onto shared LtrA residues	LtrA residue coordinates	6 independently reconstructed g2 regions
RT17_CORE:RT6	RT17_CORE	RT6	hmm_match_state_point	263	263	344	344	5	0.023	1	INSIDE_A_G2_REGION	containment (the prior region is a single point)	the prior landmark is a single match state, not a span: the prior work defined RT1-RT7 as points in an alignment, so it never carried block extents to compare	d_instrument_audit/tables/a6_landmark_concordance.tsv	prior region mapped onto shared LtrA residues	LtrA residue coordinates	6 independently reconstructed g2 regions
RT17_CORE:RT7	RT17_CORE	RT7	hmm_match_state_point	276	276	357	357	6	0.167	1	INSIDE_A_G2_REGION	containment (the prior region is a single point)	the prior landmark is a single match state, not a span: the prior work defined RT1-RT7 as points in an alignment, so it never carried block extents to compare	d_instrument_audit/tables/a6_landmark_concordance.tsv	prior region mapped onto shared LtrA residues	LtrA residue coordinates	6 independently reconstructed g2 regions
RETRON_SEED:RT1	RETRON_SEED	RT1	hmm_match_state_point	74	74						OUTSIDE_SHARED_SEQUENCE		the prior span falls where LtrA has no residue in this model	d_instrument_audit/tables/a6_landmark_concordance.tsv	prior region		prior regions declared
RETRON_SEED:RT2	RETRON_SEED	RT2	hmm_match_state_point	111	111	102	102	2	0.022	1	INSIDE_A_G2_REGION	containment (the prior region is a single point)	the prior landmark is a single match state, not a span: the prior work defined RT1-RT7 as points in an alignment, so it never carried block extents to compare	d_instrument_audit/tables/a6_landmark_concordance.tsv	prior region mapped onto shared LtrA residues	LtrA residue coordinates	6 independently reconstructed g2 regions
RETRON_SEED:RT3	RETRON_SEED	RT3	hmm_match_state_point	163	163	160	160	3	0.024	1	INSIDE_A_G2_REGION	containment (the prior region is a single point)	the prior landmark is a single match state, not a span: the prior work defined RT1-RT7 as points in an alignment, so it never carried block extents to compare	d_instrument_audit/tables/a6_landmark_concordance.tsv	prior region mapped onto shared LtrA residues	LtrA residue coordinates	6 independently reconstructed g2 regions
RETRON_SEED:RT4	RETRON_SEED	RT4	hmm_match_state_point	206	206	213	213	4	0.016	1	INSIDE_A_G2_REGION	containment (the prior region is a single point)	the prior landmark is a single match state, not a span: the prior work defined RT1-RT7 as points in an alignment, so it never carried block extents to compare	d_instrument_audit/tables/a6_landmark_concordance.tsv	prior region mapped onto shared LtrA residues	LtrA residue coordinates	6 independently reconstructed g2 regions
RETRON_SEED:RT5	RETRON_SEED	RT5	hmm_match_state_point	242	242	308	308	5	0.023	1	INSIDE_A_G2_REGION	containment (the prior region is a single point)	the prior landmark is a single match state, not a span: the prior work defined RT1-RT7 as points in an alignment, so it never carried block extents to compare	d_instrument_audit/tables/a6_landmark_concordance.tsv	prior region mapped onto shared LtrA residues	LtrA residue coordinates	6 independently reconstructed g2 regions
RETRON_SEED:RT6	RETRON_SEED	RT6	hmm_match_state_point	275	275	344	344	5	0.023	1	INSIDE_A_G2_REGION	containment (the prior region is a single point)	the prior landmark is a single match state, not a span: the prior work defined RT1-RT7 as points in an alignment, so it never carried block extents to compare	d_instrument_audit/tables/a6_landmark_concordance.tsv	prior region mapped onto shared LtrA residues	LtrA residue coordinates	6 independently reconstructed g2 regions
RETRON_SEED:RT7	RETRON_SEED	RT7	hmm_match_state_point	288	288	357	357	6	0.167	1	INSIDE_A_G2_REGION	containment (the prior region is a single point)	the prior landmark is a single match state, not a span: the prior work defined RT1-RT7 as points in an alignment, so it never carried block extents to compare	d_instrument_audit/tables/a6_landmark_concordance.tsv	prior region mapped onto shared LtrA residues	LtrA residue coordinates	6 independently reconstructed g2 regions
B_full:RT1	B_full	RT1	hmm_match_state_point	32	32	49	49	1	0.043	1	INSIDE_A_G2_REGION	containment (the prior region is a single point)	the prior landmark is a single match state, not a span: the prior work defined RT1-RT7 as points in an alignment, so it never carried block extents to compare	d_instrument_audit/tables/a6_landmark_concordance.tsv	prior region mapped onto shared LtrA residues	LtrA residue coordinates	6 independently reconstructed g2 regions
B_full:RT2	B_full	RT2	hmm_match_state_point	77	77	102	102	2	0.022	1	INSIDE_A_G2_REGION	containment (the prior region is a single point)	the prior landmark is a single match state, not a span: the prior work defined RT1-RT7 as points in an alignment, so it never carried block extents to compare	d_instrument_audit/tables/a6_landmark_concordance.tsv	prior region mapped onto shared LtrA residues	LtrA residue coordinates	6 independently reconstructed g2 regions
B_full:RT3	B_full	RT3	hmm_match_state_point	136	136	160	160	3	0.024	1	INSIDE_A_G2_REGION	containment (the prior region is a single point)	the prior landmark is a single match state, not a span: the prior work defined RT1-RT7 as points in an alignment, so it never carried block extents to compare	d_instrument_audit/tables/a6_landmark_concordance.tsv	prior region mapped onto shared LtrA residues	LtrA residue coordinates	6 independently reconstructed g2 regions
B_full:RT4	B_full	RT4	hmm_match_state_point	183	183	213	213	4	0.016	1	INSIDE_A_G2_REGION	containment (the prior region is a single point)	the prior landmark is a single match state, not a span: the prior work defined RT1-RT7 as points in an alignment, so it never carried block extents to compare	d_instrument_audit/tables/a6_landmark_concordance.tsv	prior region mapped onto shared LtrA residues	LtrA residue coordinates	6 independently reconstructed g2 regions
B_full:RT5	B_full	RT5	hmm_match_state_point	219	219	308	308	5	0.023	1	INSIDE_A_G2_REGION	containment (the prior region is a single point)	the prior landmark is a single match state, not a span: the prior work defined RT1-RT7 as points in an alignment, so it never carried block extents to compare	d_instrument_audit/tables/a6_landmark_concordance.tsv	prior region mapped onto shared LtrA residues	LtrA residue coordinates	6 independently reconstructed g2 regions
B_full:RT6	B_full	RT6	hmm_match_state_point	253	253	344	344	5	0.023	1	INSIDE_A_G2_REGION	containment (the prior region is a single point)	the prior landmark is a single match state, not a span: the prior work defined RT1-RT7 as points in an alignment, so it never carried block extents to compare	d_instrument_audit/tables/a6_landmark_concordance.tsv	prior region mapped onto shared LtrA residues	LtrA residue coordinates	6 independently reconstructed g2 regions
B_full:RT7	B_full	RT7	hmm_match_state_point	266	266	357	357	6	0.167	1	INSIDE_A_G2_REGION	containment (the prior region is a single point)	the prior landmark is a single match state, not a span: the prior work defined RT1-RT7 as points in an alignment, so it never carried block extents to compare	d_instrument_audit/tables/a6_landmark_concordance.tsv	prior region mapped onto shared LtrA residues	LtrA residue coordinates	6 independently reconstructed g2 regions
A_span17:RT1	A_span17	RT1	hmm_match_state_point	69	69	49	49	1	0.043	1	INSIDE_A_G2_REGION	containment (the prior region is a single point)	the prior landmark is a single match state, not a span: the prior work defined RT1-RT7 as points in an alignment, so it never carried block extents to compare	d_instrument_audit/tables/a6_landmark_concordance.tsv	prior region mapped onto shared LtrA residues	LtrA residue coordinates	6 independently reconstructed g2 regions
A_span17:RT2	A_span17	RT2	hmm_match_state_point	112	112	102	102	2	0.022	1	INSIDE_A_G2_REGION	containment (the prior region is a single point)	the prior landmark is a single match state, not a span: the prior work defined RT1-RT7 as points in an alignment, so it never carried block extents to compare	d_instrument_audit/tables/a6_landmark_concordance.tsv	prior region mapped onto shared LtrA residues	LtrA residue coordinates	6 independently reconstructed g2 regions
A_span17:RT3	A_span17	RT3	hmm_match_state_point	164	164	160	160	3	0.024	1	INSIDE_A_G2_REGION	containment (the prior region is a single point)	the prior landmark is a single match state, not a span: the prior work defined RT1-RT7 as points in an alignment, so it never carried block extents to compare	d_instrument_audit/tables/a6_landmark_concordance.tsv	prior region mapped onto shared LtrA residues	LtrA residue coordinates	6 independently reconstructed g2 regions
A_span17:RT4	A_span17	RT4	hmm_match_state_point	211	211	213	213	4	0.016	1	INSIDE_A_G2_REGION	containment (the prior region is a single point)	the prior landmark is a single match state, not a span: the prior work defined RT1-RT7 as points in an alignment, so it never carried block extents to compare	d_instrument_audit/tables/a6_landmark_concordance.tsv	prior region mapped onto shared LtrA residues	LtrA residue coordinates	6 independently reconstructed g2 regions
A_span17:RT5	A_span17	RT5	hmm_match_state_point	247	247	308	308	5	0.023	1	INSIDE_A_G2_REGION	containment (the prior region is a single point)	the prior landmark is a single match state, not a span: the prior work defined RT1-RT7 as points in an alignment, so it never carried block extents to compare	d_instrument_audit/tables/a6_landmark_concordance.tsv	prior region mapped onto shared LtrA residues	LtrA residue coordinates	6 independently reconstructed g2 regions
A_span17:RT6	A_span17	RT6	hmm_match_state_point	282	282	344	344	5	0.023	1	INSIDE_A_G2_REGION	containment (the prior region is a single point)	the prior landmark is a single match state, not a span: the prior work defined RT1-RT7 as points in an alignment, so it never carried block extents to compare	d_instrument_audit/tables/a6_landmark_concordance.tsv	prior region mapped onto shared LtrA residues	LtrA residue coordinates	6 independently reconstructed g2 regions
A_span17:RT7	A_span17	RT7	hmm_match_state_point	295	295	357	357	6	0.167	1	INSIDE_A_G2_REGION	containment (the prior region is a single point)	the prior landmark is a single match state, not a span: the prior work defined RT1-RT7 as points in an alignment, so it never carried block extents to compare	d_instrument_audit/tables/a6_landmark_concordance.tsv	prior region mapped onto shared LtrA residues	LtrA residue coordinates	6 independently reconstructed g2 regions
