relatedness_cluster_30pct	tier	n_replicate_groups	n_chains	n_pdb_entries	replicate_groups	pdb_entries	families_METADATA_ONLY	group_evidence_classes	lineage
C30_01	A_calibration	5	11	11	RG01,RG04,RG14,RG16,RG17	5G2X,5HHJ,5HHK,5HHL,6AR1,6ME0,6MEC,7KFT,7UIM,7UIN,8FLI	RVT-CRISPR; RVT-G2L (GsI-IIC); RVT-GII (LtrA); RVT-GII maturase	RG01=HARD_PAIR; RG04=NONE; RG14=NONE; RG16=HARD_PAIR; RG17=NONE	bacterial
C30_03	A_calibration	1	5	5	RG02	8C8J,8SXT,8UW3,9HDO,9K6G	non-LTR (LINE-1 ORF2p)	RG02=HARD_PAIR	non-LTR/viral
C30_05	A_calibration	2	3	3	RG09,RG20	8BGJ,9D4S,9D5X	RVT-G2L4; RVT-UG26	RG09=HARD_PAIR; RG20=HARD_PAIR	bacterial
C30_06	A_calibration	2	3	3	RG10,RG27	9DOU,9NL2,9NL3	non-LTR (R2Pm); non-LTR (R2Tg)	RG10=HARD_PAIR; RG27=HARD_PAIR	non-LTR/viral
C30_09	A_calibration	2	3	3	RG13,RG31	26CZ,9Z6Y,9Z6Z	RVT-UG3 / RVT-UG8 (EcDRT3); RVT-UG8	RG13=HARD_PAIR; RG31=HARD_PAIR	bacterial
C30_07	A_calibration	2	2	2	RG11,RG15	1RTD,5VBS	retroviral (HIV-1); retroviral (MMLV)	RG11=HARD_PAIR; RG15=NONE	non-LTR/viral
C30_10	A_calibration	1	2	2	RG07	8UB7,8UBD	RVT-DGRs (bRT)	RG07=HARD_PAIR	bacterial
C30_20	A_calibration	1	2	2	RG30	9Z6Y,9Z6Z	RVT-UG3 / RVT-UG8 (EcDRT3)	RG30=HARD_PAIR	bacterial
C30_12	A_calibration	1	1	1	RG12	24NC	RVT-UG15 (DRT4)	RG12=HARD_PAIR	bacterial
C30_15	A_calibration	1	1	1	RG21	8GH6	non-LTR (R2Bm)	RG21=HARD_PAIR	non-LTR/viral
C30_19	A_calibration	1	1	1	RG29	9YFD	RVT-UG1 (DRT1)	RG29=HARD_PAIR	bacterial
C30_02	B_heldout	2	9	9	RG03,RG24	7V9U,7V9X,7XJG,8QBK,8QBL,8QBM,9I2F,9I2G,9S1F	RVT-Retrons (Ec67); RVT-Retrons (Ec86)	RG03=HARD_SINGLE; RG24=HARD_MULTISITE_UNRESOLVED	bacterial
C30_08	B_heldout	1	6	6	RG06	23OR,9LBQ,9LPA,9WN8,9X94,9X9B	RVT-Retrons (Eco8)	RG06=FUNCTIONAL_PAIR	bacterial
C30_11	B_heldout	1	2	2	RG08	9C0I,9LJE	RVT-UG2; RVT-UG2 (DRT2)	RG08=HARD_SINGLE	bacterial
C30_04	C_no_truth_yet	3	6	6	RG05,RG23,RG26	9E8Z,9L7P,9N69,9NNB,9VHE,9VHL	RVT-Retrons; RVT-Retrons (Ec78); RVT-Retrons (Ec83); RVT-Retrons (St85)	RG05=NONE; RG23=NONE; RG26=NONE	bacterial
C30_13	C_no_truth_yet	1	1	1	RG18	7R06	RVT-AbiK	RG18=NONE	bacterial
C30_14	C_no_truth_yet	1	1	1	RG19	7R08	RVT-AbiP2	RG19=NONE	bacterial
C30_16	C_no_truth_yet	1	1	1	RG22	8OZ7	RVT-AbiA	RG22=NONE	bacterial
C30_17	C_no_truth_yet	1	1	1	RG25	9IOA	RVT-UG28	RG25=NONE	bacterial
C30_18	C_no_truth_yet	1	1	1	RG28	9WY8	RVT-UG12 (DRT6)	RG28=NONE	bacterial
