biological_group	chain_a	chain_b	numbering_consistent	n_shared_keys	both_own_truth	truth_a	truth_b	truth_identical	truth_pair_carboxylate_A_a	truth_pair_carboxylate_A_b	pred_a	pred_b	pred_identical	n_units_a	n_units_b	unit_count_equal	C4_a	C4_b	site_unit_jaccard	site_unit_basis
RG01	5HHJ_A	5HHK_A	YES	293	NO						151,239	151,239	YES	2	2	YES	CALL	CALL	1.0000	detector_prediction
RG01	5HHJ_A	5HHL_A	NO	281	NO						151,239	139,227	NO	2	2	YES	CALL	CALL		
RG01	5HHJ_A	7UIM_D	NO	261	NO						151,239	141,226	NO	2	3	NO	CALL	NO_CALL		
RG01	5HHJ_A	7UIN_D	NO	261	NO						151,239	141,226	NO	2	4	NO	CALL	CALL		
RG01	5HHK_A	5HHL_A	NO	280	NO						151,239	139,227	NO	2	2	YES	CALL	CALL		
RG01	5HHK_A	7UIM_D	NO	260	NO						151,239	141,226	NO	2	3	NO	CALL	NO_CALL		
RG01	5HHK_A	7UIN_D	NO	260	NO						151,239	141,226	NO	2	4	NO	CALL	CALL		
RG01	5HHL_A	7UIM_D	YES	255	NO						139,227	141,226	NO	2	3	NO	CALL	NO_CALL	0.7582	detector_prediction
RG01	5HHL_A	7UIN_D	YES	255	NO						139,227	141,226	NO	2	4	NO	CALL	CALL	0.9315	detector_prediction
RG01	7UIM_D	7UIN_D	YES	387	NO						141,226	141,226	YES	3	4	NO	NO_CALL	CALL	0.7765	detector_prediction
RG02	8C8J_A	8SXT_A	YES	689	YES	600,702	600,702	YES	2.8800	5.6500	600,702	600,703	NO	4	5	NO	NO_CALL	NO_CALL	0.8824	truth
RG02	8C8J_A	8UW3_A	YES	698	YES	600,702	600,702	YES	2.8800	3.4100	600,702	600,702	YES	4	8	NO	NO_CALL	CALL	0.9911	truth
RG02	8C8J_A	9HDO_A	YES	698	YES	600,702	600,702	YES	2.8800	2.9800	600,702	600,702	YES	4	7	NO	NO_CALL	NO_CALL	0.8778	truth
RG02	8C8J_A	9K6G_A	YES	698	NO	600,702			2.8800		600,702	ABSTAIN	NO	4	6	NO	NO_CALL	NO_CALL		
RG02	8SXT_A	8UW3_A	YES	726	YES	600,702	600,702	YES	5.6500	3.4100	600,703	600,702	NO	5	8	NO	NO_CALL	CALL	0.8661	truth
RG02	8SXT_A	9HDO_A	YES	726	YES	600,702	600,702	YES	5.6500	2.9800	600,703	600,702	NO	5	7	NO	NO_CALL	NO_CALL	1.0000	truth
RG02	8SXT_A	9K6G_A	YES	726	NO	600,702			5.6500		600,703	ABSTAIN	NO	5	6	NO	NO_CALL	NO_CALL		
RG02	8UW3_A	9HDO_A	YES	1025	YES	600,702	600,702	YES	3.4100	2.9800	600,702	600,702	YES	8	7	NO	CALL	NO_CALL	0.7972	truth
RG02	8UW3_A	9K6G_A	YES	1028	NO	600,702			3.4100		600,702	ABSTAIN	NO	8	6	NO	CALL	NO_CALL		
RG02	9HDO_A	9K6G_A	YES	1025	NO	600,702			2.9800		600,702	ABSTAIN	NO	7	6	NO	NO_CALL	NO_CALL		
RG07	8UB7_A	8UBD_A	YES	325	NO	138,215			3.0300		138,216	138,216	YES	3	3	YES	NO_CALL	NO_CALL	1.0000	detector_prediction
RG09	9D4S_A	9D5X_A	YES	389	NO	145,239,240					145,240	145,240	YES	3	2	NO	CALL	NO_CALL	0.4048	detector_prediction
RG10	9DOU_A	9NL3_A	NO	661	YES	777,878	657	NO	3.1500		777,878	556,657	NO	7	5	NO	CALL	CALL		
RG30	9Z6Y_A	9Z6Z_A	YES	414	NO	115,197			2.7800		115,198	115,197	NO	3	3	YES	CALL	CALL	1.0000	detector_prediction
RG31	9Z6Y_H	9Z6Z_H	YES	624	YES	192,291,292	291,292	NO			192,292	192,291	NO	6	2	NO	CALL	CALL	0.9115	truth
