family	evidence_rank	alignment_column	ref_residue_index	modal_residue	gap_fraction	shannon_entropy	max_residue_fraction	context_mean_entropy	entropy_delta_vs_MUSCLE	n_dyad_hits_in_this_column
Retrons	1	561	342	D	0.000	-0.000	1.000	0.882	0.000	1
Retrons	2	562	343	D	0.000	-0.000	1.000	1.036	0.000	1
Retrons	3	566	347	S	0.000	-0.000	1.000	2.014	0.000	1
Retrons	4	611	380	K	0.000	-0.000	1.000	2.093	0.000	0
Retrons	5	635	394	G	0.000	0.141	0.980	1.672	0.000	0
Retrons	6	806	440	G	0.000	0.141	0.980	1.168	0.000	0
Retrons	7	558	339	R	0.000	0.282	0.960	0.899	0.000	0
Retrons	8	556	337	Y	0.000	0.402	0.920	1.179	0.000	0
Retrons	9	557	338	T	0.000	0.771	0.820	1.255	0.000	0
Retrons	10	559	340	Y	0.000	0.906	0.800	0.556	0.000	3
Retrons	11	654	405	R	0.000	1.142	0.660	2.672	0.000	0
Retrons	12	612	381	T	0.000	1.186	0.800	2.275	0.000	0
Retrons	13	638	397	V	0.000	1.229	0.680	1.870	0.000	0
Retrons	14	633	392	V	0.000	1.311	0.680	1.853	0.000	0
Retrons	15	565	346	F	0.000	1.354	0.680	1.511	0.000	0
Retrons	16	605	374	F	0.000	1.411	0.620	1.781	0.000	0
Retrons	17	560	341	A	0.000	1.531	0.720	0.743	0.000	1
Retrons	18	636	395	L	0.000	1.597	0.560	1.544	0.000	0
Retrons	19	661	412	R	0.000	1.609	0.660	2.323	0.000	0
Retrons	20	563	344	L	0.000	1.709	0.540	0.906	0.000	1
Retrons	21	564	345	T	0.000	1.748	0.600	1.027	0.000	0
Retrons	22	604	373	G	0.000	1.769	0.680	1.870	0.000	0
Retrons	23	634	393	T	0.000	1.821	0.640	1.827	0.000	0
Retrons	24	537	330	A	0.000	1.911	0.560	2.954	0.000	0
Retrons	25	660	411	I	0.000	1.937	0.380	2.444	0.000	0
Retrons	26	665	416	H	0.000	1.942	0.460	1.765	0.000	0
Retrons	27	608	377	N	0.000	1.968	0.520	2.146	0.000	0
Retrons	28	748	438	L	0.000	1.999	0.460	2.124	0.000	0
Retrons	29	664	415	L	0.000	2.001	0.500	1.863	0.000	0
Retrons	30	607	376	L	0.000	2.143	0.320	2.399	0.000	0
Retrons	31	541	334	G	0.000	2.150	0.600	2.117	0.029	0
Retrons	32	639	398	N	0.000	2.192	0.560	2.182	0.000	0
Retrons	33	658	409	R	0.000	2.211	0.440	2.622	0.000	0
Retrons	34	594	365	V	0.000	2.215	0.460	3.167	0.061	0
Retrons	35	650	401	P	0.000	2.235	0.440	2.619	0.078	0
Retrons	36	652	403	V	0.000	2.263	0.460	2.594	0.065	0
Retrons	37	631	390	Q	0.000	2.317	0.540	2.485	0.000	0
Retrons	38	662	413	A	0.000	2.329	0.560	2.284	0.000	0
Retrons	39	597	368	I	0.000	2.360	0.520	2.922	0.139	1
Retrons	40	567	348	S	0.000	2.379	0.300	2.207	0.000	0
GII	1	89	56	L	0.000	-0.000	1.000	0.796	0.000	0
GII	2	99	66	A	0.000	-0.000	1.000	0.683	0.000	0
GII	3	103	70	V	0.000	-0.000	1.000	0.525	0.000	0
GII	4	106	73	N	0.000	-0.000	1.000	0.862	0.000	0
GII	5	108	75	G	0.000	-0.000	1.000	1.041	0.000	0
GII	6	111	78	T	0.000	-0.000	1.000	0.755	0.000	0
GII	7	113	80	G	0.000	-0.000	1.000	0.849	0.000	0
GII	8	115	82	D	0.000	-0.000	1.000	1.261	0.000	0
GII	9	119	86	W	0.000	-0.000	1.000	1.719	0.000	0
GII	10	137	104	Y	0.000	-0.000	1.000	1.509	0.000	0
GII	11	141	108	P	0.000	-0.000	1.000	0.935	0.000	0
GII	12	142	109	L	0.000	-0.000	1.000	0.746	0.000	0
GII	13	144	111	R	0.000	-0.000	1.000	0.497	0.000	0
GII	14	147	114	I	0.000	-0.000	1.000	0.481	0.000	0
GII	15	149	116	K	0.000	-0.000	1.000	0.675	0.000	0
GII	16	157	122	R	0.000	-0.000	1.000	0.595	0.000	0
GII	17	159	124	L	0.000	-0.000	1.000	0.136	0.000	0
GII	18	161	126	I	0.000	-0.000	1.000	0.325	0.000	0
GII	19	162	127	P	0.000	-0.000	1.000	0.654	0.000	0
GII	20	170	135	Q	0.000	-0.000	1.000	0.409	0.000	0
GII	21	172	137	L	0.000	-0.000	1.000	0.640	0.000	0
GII	22	179	144	P	0.000	-0.000	1.000	0.671	0.000	0
GII	23	182	147	E	0.000	-0.000	1.000	1.001	0.000	0
GII	24	186	151	D	0.000	-0.000	1.000	1.188	0.000	0
GII	25	189	154	S	0.000	-0.000	1.000	0.660	0.000	0
GII	26	191	156	G	0.000	-0.000	1.000	0.547	0.000	0
GII	27	192	157	F	0.000	-0.000	1.000	0.798	0.000	0
GII	28	193	158	R	0.000	-0.000	1.000	0.798	0.000	0
GII	29	196	161	R	0.000	-0.000	1.000	1.247	0.000	0
GII	30	200	165	D	0.000	-0.000	1.000	1.147	0.000	0
GII	31	201	166	A	0.000	-0.000	1.000	1.194	0.000	0
GII	32	227	187	D	0.000	-0.000	1.000	0.657	0.000	0
GII	33	228	188	I	0.000	-0.000	1.000	0.642	0.000	0
GII	34	232	192	F	0.000	-0.000	1.000	0.796	0.000	0
GII	35	233	193	D	0.000	-0.000	1.000	0.711	0.000	0
GII	36	251	211	L	0.000	-0.000	1.000	1.465	0.000	0
GII	37	255	215	L	0.000	-0.000	1.000	0.989	0.000	0
GII	38	258	218	G	0.000	-0.000	1.000	1.238	0.000	0
GII	39	271	231	G	0.000	-0.000	1.000	0.799	0.000	0
GII	40	274	234	Q	0.000	-0.000	1.000	0.287	0.000	0
DGRs	1	131	60	H	0.000	-0.000	1.000	1.128	0.000	0
DGRs	2	134	63	Y	0.000	-0.000	1.000	1.079	0.000	0
DGRs	3	141	70	D	0.000	-0.000	1.000	0.717	0.000	0
DGRs	4	143	72	K	0.000	-0.000	1.000	0.699	0.000	0
DGRs	5	145	74	R	0.000	-0.000	1.000	0.451	0.000	0
DGRs	6	147	76	I	0.000	-0.000	1.000	0.471	0.000	0
DGRs	7	148	77	H	0.000	-0.000	1.000	0.739	0.000	0
DGRs	8	154	83	D	0.000	-0.000	1.000	0.684	0.000	0
DGRs	9	155	84	R	0.000	-0.000	1.000	0.315	0.000	0
DGRs	10	158	87	H	0.000	-0.000	1.000	0.470	0.000	0
DGRs	11	169	98	F	0.000	-0.000	1.000	1.039	0.000	0
DGRs	12	173	102	F	0.000	-0.000	1.000	1.222	0.000	0
DGRs	13	177	106	S	0.000	-0.000	1.000	0.638	0.000	0
DGRs	14	180	109	C	0.000	-0.000	1.000	0.911	0.000	0
DGRs	15	185	114	G	0.000	-0.000	1.000	1.111	0.000	0
DGRs	16	214	143	D	0.000	-0.000	1.000	0.380	0.000	0
DGRs	17	219	148	F	0.000	-0.000	1.000	0.493	0.000	0
DGRs	18	250	179	S	0.000	-0.000	1.000	1.290	0.000	0
DGRs	19	289	189	G	0.000	-0.000	1.000	1.131	0.000	0
DGRs	20	291	191	P	0.000	-0.000	1.000	0.356	0.000	0
DGRs	21	292	192	L	0.000	-0.000	1.000	0.040	0.000	0
DGRs	22	293	193	G	0.000	-0.000	1.000	0.081	0.000	0
DGRs	23	294	194	N	0.000	-0.000	1.000	0.061	0.000	0
DGRs	24	297	197	S	0.000	-0.000	1.000	0.240	0.000	0
DGRs	25	298	198	Q	0.000	-0.000	1.000	0.374	0.000	0
DGRs	26	302	202	N	0.000	-0.000	1.000	0.582	0.000	0
DGRs	27	309	209	D	0.000	-0.000	1.000	0.913	0.000	0
DGRs	28	313	213	K	0.000	-0.000	1.000	1.154	0.000	0
DGRs	29	323	223	R	0.000	-0.000	1.000	0.419	0.000	9
DGRs	30	324	224	Y	0.000	-0.000	1.000	0.226	0.000	4
DGRs	31	326	226	D	0.000	-0.000	1.000	0.189	0.000	2
DGRs	32	327	227	D	0.000	-0.000	1.000	0.419	0.000	1
DGRs	33	353	253	L	0.000	-0.000	1.000	2.008	0.000	0
DGRs	34	355	255	L	0.000	-0.000	1.000	1.199	0.000	0
DGRs	35	358	258	H	0.000	-0.000	1.000	0.958	0.000	0
DGRs	36	361	261	K	0.000	-0.000	1.000	0.895	0.000	0
DGRs	37	372	272	D	0.000	-0.000	1.000	0.232	0.000	0
DGRs	38	374	274	L	0.000	-0.000	1.000	0.403	0.000	0
DGRs	39	375	275	G	0.000	-0.000	1.000	0.483	0.000	0
DGRs	40	120	49	L	0.000	0.141	0.980	1.732	0.000	0
CRISPR	1	525	79	D	0.000	-0.000	1.000	1.508	0.000	0
CRISPR	2	582	133	D	0.000	-0.000	1.000	1.778	0.000	0
CRISPR	3	587	138	F	0.000	-0.000	1.000	1.688	0.000	0
CRISPR	4	755	183	G	0.000	-0.000	1.000	1.772	0.000	0
CRISPR	5	759	187	G	0.000	-0.000	1.000	1.181	0.000	0
CRISPR	6	766	194	L	0.000	-0.000	1.000	0.877	0.000	0
CRISPR	7	768	196	N	0.000	-0.000	1.000	0.791	0.000	0
CRISPR	8	825	215	R	0.000	-0.000	1.000	0.882	0.000	6
CRISPR	9	828	218	D	0.000	-0.000	1.000	0.789	0.000	0
CRISPR	10	829	219	D	0.000	-0.000	1.000	1.029	0.000	1
CRISPR	11	877	266	G	0.000	-0.000	1.000	1.473	0.000	0
CRISPR	12	552	106	R	0.000	0.141	0.980	1.179	0.000	0
CRISPR	13	758	186	Q	0.000	0.141	0.980	1.024	0.000	0
CRISPR	14	771	199	L	0.000	0.141	0.980	1.263	0.000	0
CRISPR	15	775	203	D	0.000	0.141	0.980	2.197	0.000	1
CRISPR	16	560	114	A	0.000	0.242	0.960	2.281	0.000	0
CRISPR	17	875	264	F	0.000	0.242	0.960	1.194	0.000	0
CRISPR	18	763	191	S	0.000	0.327	0.940	1.149	0.000	0
CRISPR	19	857	246	L	0.000	0.327	0.940	1.904	0.000	1
CRISPR	20	770	198	Y	0.000	0.467	0.920	1.275	0.000	0
CRISPR	21	876	265	L	0.000	0.469	0.900	1.474	0.000	0
CRISPR	22	548	102	S	0.000	0.482	0.920	1.652	0.000	0
CRISPR	23	583	134	I	0.000	0.529	0.880	1.708	0.000	0
CRISPR	24	859	248	L	0.000	0.607	0.880	1.827	0.000	0
CRISPR	25	529	83	Q	0.000	0.661	0.900	1.462	0.000	0
CRISPR	26	880	269	F	0.000	0.680	0.880	2.259	0.000	1
CRISPR	27	551	105	Y	0.000	0.704	0.880	0.915	0.000	0
CRISPR	28	595	146	L	0.000	0.744	0.880	2.565	0.000	0
CRISPR	29	541	95	E	0.000	0.881	0.700	2.179	0.000	0
CRISPR	30	764	192	P	0.000	0.881	0.700	1.085	0.000	0
CRISPR	31	588	139	D	0.000	0.916	0.800	1.658	0.000	0
CRISPR	32	526	80	R	0.000	0.922	0.800	1.291	0.000	0
CRISPR	33	851	241	L	0.000	0.940	0.820	2.685	0.000	0
CRISPR	34	826	216	Y	0.000	0.943	0.640	0.789	0.000	8
CRISPR	35	550	104	A	0.000	0.971	0.600	1.125	0.000	0
CRISPR	36	544	98	F	0.000	0.979	0.840	2.315	0.000	0
CRISPR	37	830	220	F	0.000	1.074	0.800	1.200	0.000	2
CRISPR	38	762	190	L	0.000	1.102	0.660	1.149	0.000	0
CRISPR	39	824	214	V	0.000	1.128	0.780	0.882	0.000	0
CRISPR	40	617	162	L	0.000	1.156	0.800	2.252	0.000	0
UG3	1	268	173	D	0.000	-0.000	1.000	1.590	0.000	0
UG3	2	274	179	E	0.000	-0.000	1.000	1.116	0.000	0
UG3	3	328	222	P	0.000	-0.000	1.000	1.064	0.000	0
UG3	4	329	223	R	0.000	-0.000	1.000	0.851	0.000	0
UG3	5	330	224	G	0.000	-0.000	1.000	0.947	0.000	0
UG3	6	334	228	S	0.000	-0.000	1.000	1.374	0.000	0
UG3	7	346	240	D	0.000	-0.000	1.000	2.098	0.000	0
UG3	8	361	254	R	0.000	-0.000	1.000	0.920	0.000	1
UG3	9	364	257	D	0.000	-0.000	1.000	0.657	0.000	0
UG3	10	365	258	D	0.000	-0.000	1.000	0.898	0.000	0
UG3	11	437	309	L	0.000	-0.000	1.000	1.101	0.000	0
UG3	12	438	310	G	0.000	-0.000	1.000	1.075	0.000	0
UG3	13	439	311	Y	0.000	-0.000	1.000	1.273	0.000	0
UG3	14	544	381	G	0.000	-0.000	1.000	1.489	0.000	0
UG3	15	272	177	F	0.000	0.149	0.979	1.022	0.000	0
UG3	16	399	287	L	0.000	0.149	0.979	2.185	0.000	0
UG3	17	520	368	N	0.000	0.149	0.979	1.568	0.000	0
UG3	18	245	150	R	0.000	0.254	0.957	2.133	0.000	0
UG3	19	339	233	E	0.000	0.342	0.936	1.157	0.000	0
UG3	20	510	358	L	0.000	0.401	0.936	2.022	0.000	0
UG3	21	407	292	K	0.000	0.444	0.936	2.290	1.314	0
UG3	22	513	361	R	0.000	0.444	0.936	1.811	0.000	0
UG3	23	363	256	V	0.000	0.551	0.872	0.762	0.000	2
UG3	24	517	365	L	0.000	0.551	0.872	1.398	0.000	0
UG3	25	326	220	G	0.000	0.566	0.894	1.346	0.000	0
UG3	26	476	328	K	0.000	0.607	0.851	1.887	0.000	0
UG3	27	359	252	Y	0.000	0.635	0.894	1.438	0.000	2
UG3	28	337	231	L	0.000	0.651	0.894	1.034	0.000	0
UG3	29	576	399	D	0.000	0.651	0.894	2.206	0.000	0
UG3	30	575	398	L	0.000	0.658	0.830	2.110	0.000	0
UG3	31	273	178	Y	0.000	0.747	0.787	1.042	0.000	0
UG3	32	483	335	R	0.000	0.747	0.787	2.048	0.000	0
UG3	33	545	382	I	0.000	0.751	0.830	1.345	0.000	0
UG3	34	436	308	Y	0.000	0.785	0.766	1.033	0.000	0
UG3	35	572	395	L	0.000	0.839	0.830	2.078	0.000	0
UG3	36	473	325	S	0.000	0.900	0.787	2.028	0.000	0
UG3	37	479	331	K	0.000	0.922	0.830	1.717	0.000	0
UG3	38	338	232	S	0.000	0.944	0.638	1.259	0.000	0
UG3	39	342	236	L	0.000	0.973	0.596	1.601	0.000	0
UG3	40	402	290	N	0.000	0.982	0.809	2.137	0.000	0
UG5	1	177	133	W	0.000	-0.000	1.000	1.269	0.000	0
UG5	2	233	174	Y	0.000	-0.000	1.000	1.303	0.000	0
UG5	3	240	181	W	0.000	-0.000	1.000	1.367	0.000	0
UG5	4	264	205	D	0.000	-0.000	1.000	1.273	0.000	0
UG5	5	269	210	Y	0.000	-0.000	1.000	1.182	0.000	0
UG5	6	343	261	P	0.000	-0.000	1.000	0.780	0.000	0
UG5	7	354	272	N	0.000	-0.000	1.000	1.105	0.000	0
UG5	8	361	279	D	0.000	-0.000	1.000	1.701	0.000	0
UG5	9	373	291	Y	0.000	-0.000	1.000	0.366	0.000	0
UG5	10	374	292	G	0.000	-0.000	1.000	0.366	0.000	2
UG5	11	375	293	R	0.000	-0.000	1.000	0.102	0.000	1
UG5	12	376	294	Y	0.000	-0.000	1.000	0.051	0.000	6
UG5	13	378	296	D	0.000	-0.000	1.000	0.501	0.000	1
UG5	14	379	297	D	0.000	-0.000	1.000	0.624	0.000	0
UG5	15	467	355	K	0.000	-0.000	1.000	1.650	0.000	0
UG5	16	494	382	S	0.000	-0.000	1.000	1.138	0.000	0
UG5	17	500	388	P	0.000	-0.000	1.000	1.369	0.000	0
UG5	18	844	662	R	0.000	-0.000	1.000	1.211	0.000	0
UG5	19	1047	774	E	0.000	-0.000	1.000	0.935	0.000	0
UG5	20	1072	799	G	0.000	-0.000	1.000	1.048	0.000	0
UG5	21	1126	835	K	0.000	-0.000	1.000	1.383	0.000	0
UG5	22	1133	842	E	0.000	-0.000	1.000	1.497	0.000	0
UG5	23	1178	878	C	0.000	-0.000	1.000	0.971	0.000	0
UG5	24	1187	887	R	0.000	-0.000	1.000	1.572	0.000	0
UG5	25	1195	895	D	0.000	-0.000	1.000	1.189	0.000	0
UG5	26	1203	903	N	0.000	-0.000	1.000	0.986	0.000	0
UG5	27	1205	905	D	0.000	-0.000	1.000	1.028	0.000	0
UG5	28	1219	919	D	0.000	-0.000	1.000	0.952	0.000	0
UG5	29	1228	928	N	0.000	-0.000	1.000	1.199	0.000	0
UG5	30	1233	933	G	0.000	-0.000	1.000	0.654	0.000	0
UG5	31	1240	940	P	0.000	-0.000	1.000	1.296	0.000	0
UG5	32	1254	954	G	0.000	-0.000	1.000	1.262	0.000	0
UG5	33	176	132	L	0.000	0.179	0.973	1.124	0.000	0
UG5	34	345	263	G	0.000	0.179	0.973	0.708	0.000	0
UG5	35	346	264	L	0.000	0.179	0.973	0.675	0.000	0
UG5	36	349	267	S	0.000	0.179	0.973	1.090	0.000	0
UG5	37	357	275	L	0.000	0.179	0.973	1.431	0.000	0
UG5	38	383	301	V	0.000	0.179	0.973	1.413	0.000	1
UG5	39	1046	773	P	0.000	0.179	0.973	0.887	0.000	0
UG5	40	1051	778	P	0.000	0.179	0.973	1.333	0.000	0
AbiA	1	95	89	K	0.000	-0.000	1.000	1.536	0.000	0
AbiA	2	102	95	R	0.000	-0.000	1.000	1.343	0.000	0
AbiA	3	193	185	D	0.000	-0.000	1.000	1.126	0.000	0
AbiA	4	194	186	I	0.000	-0.000	1.000	1.047	0.000	0
AbiA	5	201	193	I	0.000	-0.000	1.000	1.508	0.000	0
AbiA	6	206	198	L	0.000	-0.000	1.000	1.689	0.000	0
AbiA	7	248	239	P	0.000	-0.000	1.000	1.570	0.000	1
AbiA	8	264	254	Y	0.000	-0.000	1.000	1.390	0.000	1
AbiA	9	269	259	D	0.000	-0.000	1.000	1.944	0.000	1
AbiA	10	290	280	R	0.000	-0.000	1.000	0.855	0.000	0
AbiA	11	293	283	D	0.000	-0.000	1.000	0.437	0.000	0
AbiA	12	294	284	D	0.000	-0.000	1.000	0.500	0.000	0
AbiA	13	325	315	L	0.000	-0.000	1.000	1.609	0.439	0
AbiA	14	331	321	L	0.000	-0.000	1.000	1.521	0.000	0
AbiA	15	334	324	N	0.000	-0.000	1.000	1.050	0.000	0
AbiA	16	145	137	Y	0.000	0.439	0.909	1.306	0.000	0
AbiA	17	147	139	G	0.000	0.439	0.909	1.294	0.000	0
AbiA	18	169	161	Y	0.000	0.439	0.909	1.631	0.000	0
AbiA	19	172	164	F	0.000	0.439	0.909	1.723	0.000	0
AbiA	20	198	190	F	0.000	0.439	0.909	1.325	0.000	0
AbiA	21	257	248	S	0.000	0.439	0.909	1.243	0.000	1
AbiA	22	265	255	L	0.000	0.439	0.909	1.504	0.000	0
AbiA	23	292	282	V	0.000	0.439	0.909	0.509	0.000	0
AbiA	24	296	286	Y	0.000	0.439	0.909	0.959	0.000	0
AbiA	25	297	287	I	0.000	0.439	0.909	1.277	0.000	0
AbiA	26	338	326	K	0.000	0.439	0.909	1.281	0.439	0
AbiA	27	69	63	F	0.000	0.684	0.818	1.856	0.933	0
AbiA	28	106	99	L	0.000	0.684	0.818	1.603	0.000	0
AbiA	29	109	102	P	0.000	0.684	0.818	1.410	0.684	0
AbiA	30	165	157	Y	0.000	0.684	0.818	1.920	0.000	0
AbiA	31	197	189	F	0.000	0.684	0.818	1.325	0.000	0
AbiA	32	259	250	L	0.000	0.684	0.818	1.304	0.000	0
AbiA	33	291	281	Y	0.000	0.684	0.818	0.562	0.000	2
AbiA	34	119	112	G	0.000	0.845	0.727	1.767	0.000	0
AbiA	35	97	91	D	0.000	0.866	0.818	1.268	0.000	0
AbiA	36	191	183	K	0.000	0.866	0.818	1.136	0.000	0
AbiA	37	289	279	I	0.000	0.946	0.636	1.111	0.000	0
AbiA	38	17	15	I	0.000	0.994	0.545	2.057	0.497	0
AbiA	39	144	136	F	0.000	0.994	0.545	1.256	0.000	0
AbiA	40	276	266	I	0.000	0.994	0.545	2.233	0.000	0
