sequence_id	component	dyad_residue_index	dyad_motif	verdict	anchor_state
AGA92426.1_G2L	0	247	YADD	DYAD_PRESENT_NOT_AT_AN_ANCHOR	
ATI12522.1_G2L	0	243	YADD	DYAD_PRESENT_NOT_AT_AN_ANCHOR	
CCT60821.1_G2L	0	237	YADD	DYAD_PRESENT_NOT_AT_AN_ANCHOR	
CP004385.1_1408759_1409709_+_G2L	0	155	YADD	DYAD_PRESENT_NOT_AT_AN_ANCHOR	
CP005587.1_2247168_2248427_+_G2L	0	250	YADD	DYAD_PRESENT_NOT_AT_AN_ANCHOR	
CP018369.1_1678395_1679591_-_G2L	0	237	YADD	DYAD_PRESENT_NOT_AT_AN_ANCHOR	
CP019322.1_1283679_1284887_+_G2L	0	240	YADD	DYAD_PRESENT_NOT_AT_AN_ANCHOR	
CP020390.1_3686208_3687404_-_G2L	0	237	YADD	DYAD_PRESENT_NOT_AT_AN_ANCHOR	
CP020397.1_1076542_1077738_+_G2L	0	237	YADD	DYAD_PRESENT_NOT_AT_AN_ANCHOR	
CP023657.1_1851784_1852992_+_G2L	0	243	YADD	DYAD_PRESENT_NOT_AT_AN_ANCHOR	
CP028901.1_3181383_3182723_-_G2L	0	286	YADD	DYAD_PRESENT_NOT_AT_AN_ANCHOR	
CP032345.1_2878885_2880129_+_G2L	0	251	YADD	DYAD_PRESENT_NOT_AT_AN_ANCHOR	
CP038026.1_5552810_5554066_+_G2L	0	254	YADD	DYAD_PRESENT_NOT_AT_AN_ANCHOR	
CP038262.1_2811866_2813086_+_G2L	0	240	YADD	DYAD_PRESENT_NOT_AT_AN_ANCHOR	
CP040077.1_890709_891905_+_G2L	0	237	YADD	DYAD_PRESENT_NOT_AT_AN_ANCHOR	
EFI52015.1_G2L	0	245	YVDD	DYAD_PRESENT_NOT_AT_AN_ANCHOR	
EHB91710.1_G2L	0	239	YADD	DYAD_PRESENT_NOT_AT_AN_ANCHOR	
EKA88804.1_G2L	0	234	YADD	DYAD_PRESENT_NOT_AT_AN_ANCHOR	
KOY81891.1_G2L	0	260	YADD	DYAD_PRESENT_NOT_AT_AN_ANCHOR	
KRD11792.1_G2L	0	236	YADD	DYAD_PRESENT_NOT_AT_AN_ANCHOR	
OGW91992.1_G2L	0	228	YADD	DYAD_PRESENT_NOT_AT_AN_ANCHOR	
OJI07300.1_G2L	0	234	YADD	DYAD_PRESENT_NOT_AT_AN_ANCHOR	
OTG72349.1_G2L	0	254	YADD	DYAD_PRESENT_NOT_AT_AN_ANCHOR	
PFH20450.1_G2L	0	257	YADD	DYAD_PRESENT_NOT_AT_AN_ANCHOR	
PIQ87175.1_G2L	0	228	YADD	DYAD_PRESENT_NOT_AT_AN_ANCHOR	
SAK23902.1_G2L	0	155	YADD	DYAD_PRESENT_NOT_AT_AN_ANCHOR	
SFJ98198.1_G2L	0	23	FDDD	DYAD_PRESENT_NOT_AT_AN_ANCHOR	
SHH90620.1_G2L	0	245	YADD	DYAD_PRESENT_NOT_AT_AN_ANCHOR	
SOB75353.1_G2L	0	235	YADD	DYAD_PRESENT_NOT_AT_AN_ANCHOR	
SOD41170.1_G2L	0	223	YADD	DYAD_PRESENT_NOT_AT_AN_ANCHOR	
WP_002069401.1_G2L	0	240	YADD	DYAD_PRESENT_NOT_AT_AN_ANCHOR	
WP_005404755.1_G2L	0	239	YADD	DYAD_PRESENT_NOT_AT_AN_ANCHOR	
WP_031977679.1_G2L	0	239	YADD	DYAD_PRESENT_NOT_AT_AN_ANCHOR	
WP_046739911.1_G2L	0	236	YADD	DYAD_PRESENT_NOT_AT_AN_ANCHOR	
WP_055414610.1_G2L	0	236	YADD	DYAD_PRESENT_NOT_AT_AN_ANCHOR	
WP_059273163.1_G2L	0	236	YADD	DYAD_PRESENT_NOT_AT_AN_ANCHOR	
WP_073312471.1_G2L	0	236	YADD	DYAD_PRESENT_NOT_AT_AN_ANCHOR	
WP_081926074.1_G2L	0	237	YADD	DYAD_PRESENT_NOT_AT_AN_ANCHOR	
WP_092414825.1_G2L	0	237	YADD	DYAD_PRESENT_NOT_AT_AN_ANCHOR	
ZP_08470761.1_G2L	0	234	YADD	DYAD_PRESENT_NOT_AT_AN_ANCHOR	
