chain	file	n_atoms	n_domains	status
1dcsA	data/stage3a_inputs/cath_benchmark/chains/1dcsA.pdb	279	2	OK
1x0gA	data/stage3a_inputs/cath_benchmark/chains/1x0gA.pdb	102	1	OK
1u2hA	data/stage3a_inputs/cath_benchmark/chains/1u2hA.pdb	96	1	OK
2i3dB	data/stage3a_inputs/cath_benchmark/chains/2i3dB.pdb	220	1	OK
5dblA	data/stage3a_inputs/cath_benchmark/chains/5dblA.pdb	130	2	OK
6pzdA	data/stage3a_inputs/cath_benchmark/chains/6pzdA.pdb	389	1	OK
1xodB	data/stage3a_inputs/cath_benchmark/chains/1xodB.pdb	118	1	OK
1o5uA	data/stage3a_inputs/cath_benchmark/chains/1o5uA.pdb	88	1	OK
6hq0A	data/stage3a_inputs/cath_benchmark/chains/6hq0A.pdb	139	1	OK
1htjF	data/stage3a_inputs/cath_benchmark/chains/1htjF.pdb	182	2	OK
2i44B	data/stage3a_inputs/cath_benchmark/chains/2i44B.pdb	316	1	OK
1v96A	data/stage3a_inputs/cath_benchmark/chains/1v96A.pdb	146	1	OK
6j6vA	data/stage3a_inputs/cath_benchmark/chains/6j6vA.pdb	94	1	OK
3r6dA	data/stage3a_inputs/cath_benchmark/chains/3r6dA.pdb	215	2	OK
2ff7A	data/stage3a_inputs/cath_benchmark/chains/2ff7A.pdb	243	2	OK
2c4eA	data/stage3a_inputs/cath_benchmark/chains/2c4eA.pdb	299	1	OK
1cnt2	data/stage3a_inputs/cath_benchmark/chains/1cnt2.pdb	130	1	OK
5y9pA	data/stage3a_inputs/cath_benchmark/chains/5y9pA.pdb	212	1	OK
2o7tA	data/stage3a_inputs/cath_benchmark/chains/2o7tA.pdb	188	2	OK
2aneH	data/stage3a_inputs/cath_benchmark/chains/2aneH.pdb	109	1	OK
4ggcA	data/stage3a_inputs/cath_benchmark/chains/4ggcA.pdb	313	2	OK
5b2nA	data/stage3a_inputs/cath_benchmark/chains/5b2nA.pdb	263	1	OK
3my2A	data/stage3a_inputs/cath_benchmark/chains/3my2A.pdb	126	1	OK
1hq0A	data/stage3a_inputs/cath_benchmark/chains/1hq0A.pdb	295	1	OK
4az3A	data/stage3a_inputs/cath_benchmark/chains/4az3A.pdb	259	2	OK
5xjvB	data/stage3a_inputs/cath_benchmark/chains/5xjvB.pdb	171	1	OK
4cqmG	data/stage3a_inputs/cath_benchmark/chains/4cqmG.pdb	224	1	OK
3rpdA	data/stage3a_inputs/cath_benchmark/chains/3rpdA.pdb	345	1	OK
4uabB	data/stage3a_inputs/cath_benchmark/chains/4uabB.pdb	314	1	OK
2b82A	data/stage3a_inputs/cath_benchmark/chains/2b82A.pdb	211	1	OK
3r2uB	data/stage3a_inputs/cath_benchmark/chains/3r2uB.pdb	336	2	OK
4mkxA	data/stage3a_inputs/cath_benchmark/chains/4mkxA.pdb	338	2	OK
4ksyA	data/stage3a_inputs/cath_benchmark/chains/4ksyA.pdb	181	1	OK
1vkwA	data/stage3a_inputs/cath_benchmark/chains/1vkwA.pdb	217	2	OK
4c3xA	data/stage3a_inputs/cath_benchmark/chains/4c3xA.pdb	508	5	OK
4f1vA	data/stage3a_inputs/cath_benchmark/chains/4f1vA.pdb	372	2	OK
3k8wA	data/stage3a_inputs/cath_benchmark/chains/3k8wA.pdb	296	2	OK
1wx1A	data/stage3a_inputs/cath_benchmark/chains/1wx1A.pdb	330	2	OK
5pxlB	data/stage3a_inputs/cath_benchmark/chains/5pxlB.pdb	177	2	OK
4on1A	data/stage3a_inputs/cath_benchmark/chains/4on1A.pdb	334	2	OK
3pdiA	data/stage3a_inputs/cath_benchmark/chains/3pdiA.pdb	427	3	OK
3me4B	data/stage3a_inputs/cath_benchmark/chains/3me4B.pdb	150	2	OK
1x9yA	data/stage3a_inputs/cath_benchmark/chains/1x9yA.pdb	346	2	OK
4bllA	data/stage3a_inputs/cath_benchmark/chains/4bllA.pdb	318	1	OK
2bc4B	data/stage3a_inputs/cath_benchmark/chains/2bc4B.pdb	191	2	OK
3loqA	data/stage3a_inputs/cath_benchmark/chains/3loqA.pdb	273	2	OK
2dvmA	data/stage3a_inputs/cath_benchmark/chains/2dvmA.pdb	438	3	OK
2ot3A	data/stage3a_inputs/cath_benchmark/chains/2ot3A.pdb	253	2	OK
6y43A	data/stage3a_inputs/cath_benchmark/chains/6y43A.pdb	222	1	OK
3hs3A	data/stage3a_inputs/cath_benchmark/chains/3hs3A.pdb	264	2	OK
5iz3A	data/stage3a_inputs/cath_benchmark/chains/5iz3A.pdb	316	1	OK
3iavA	data/stage3a_inputs/cath_benchmark/chains/3iavA.pdb	521	3	OK
1zavA	data/stage3a_inputs/cath_benchmark/chains/1zavA.pdb	178	1	OK
5cecA	data/stage3a_inputs/cath_benchmark/chains/5cecA.pdb	401	2	OK
3mvgA	data/stage3a_inputs/cath_benchmark/chains/3mvgA.pdb	251	1	OK
3u62A	data/stage3a_inputs/cath_benchmark/chains/3u62A.pdb	253	2	OK
2bhgA	data/stage3a_inputs/cath_benchmark/chains/2bhgA.pdb	194	1	OK
5hdmA	data/stage3a_inputs/cath_benchmark/chains/5hdmA.pdb	428	4	OK
3aowA	data/stage3a_inputs/cath_benchmark/chains/3aowA.pdb	404	3	OK
3a4lB	data/stage3a_inputs/cath_benchmark/chains/3a4lB.pdb	237	2	OK
3swoB	data/stage3a_inputs/cath_benchmark/chains/3swoB.pdb	386	3	OK
3vkwA	data/stage3a_inputs/cath_benchmark/chains/3vkwA.pdb	440	3	OK
4o5qA	data/stage3a_inputs/cath_benchmark/chains/4o5qA.pdb	521	4	OK
3vpdA	data/stage3a_inputs/cath_benchmark/chains/3vpdA.pdb	281	3	OK
2g50A	data/stage3a_inputs/cath_benchmark/chains/2g50A.pdb	519	3	OK
2p67A	data/stage3a_inputs/cath_benchmark/chains/2p67A.pdb	302	3	OK
1el6A	data/stage3a_inputs/cath_benchmark/chains/1el6A.pdb	208	3	OK
4c12A	data/stage3a_inputs/cath_benchmark/chains/4c12A.pdb	492	3	OK
4azsA	data/stage3a_inputs/cath_benchmark/chains/4azsA.pdb	442	4	OK
3arxA	data/stage3a_inputs/cath_benchmark/chains/3arxA.pdb	575	2	OK
4aw7A	data/stage3a_inputs/cath_benchmark/chains/4aw7A.pdb	565	4	OK
3qouA	data/stage3a_inputs/cath_benchmark/chains/3qouA.pdb	274	3	OK
4r0kB	data/stage3a_inputs/cath_benchmark/chains/4r0kB.pdb	302	3	OK
3ubgB	data/stage3a_inputs/cath_benchmark/chains/3ubgB.pdb	310	3	OK
4ccdA	data/stage3a_inputs/cath_benchmark/chains/4ccdA.pdb	640	3	OK
3vqtA	data/stage3a_inputs/cath_benchmark/chains/3vqtA.pdb	495	4	OK
5e1qB	data/stage3a_inputs/cath_benchmark/chains/5e1qB.pdb	644	1	OK
4aukA	data/stage3a_inputs/cath_benchmark/chains/4aukA.pdb	355	4	OK
4ic6C	data/stage3a_inputs/cath_benchmark/chains/4ic6C.pdb	335	3	OK
4ze8A	data/stage3a_inputs/cath_benchmark/chains/4ze8A.pdb	491	3	OK
4o5vA	data/stage3a_inputs/cath_benchmark/chains/4o5vA.pdb	213	3	OK
5ysnA	data/stage3a_inputs/cath_benchmark/chains/5ysnA.pdb	453	3	OK
5is2A	data/stage3a_inputs/cath_benchmark/chains/5is2A.pdb	395	3	OK
3crvA	data/stage3a_inputs/cath_benchmark/chains/3crvA.pdb	551	5	OK
4b8vA	data/stage3a_inputs/cath_benchmark/chains/4b8vA.pdb	189	2	OK
1ygyA	data/stage3a_inputs/cath_benchmark/chains/1ygyA.pdb	527	4	OK
1ofcX	data/stage3a_inputs/cath_benchmark/chains/1ofcX.pdb	266	3	OK
2wadA	data/stage3a_inputs/cath_benchmark/chains/2wadA.pdb	606	4	OK
3mwbA	data/stage3a_inputs/cath_benchmark/chains/3mwbA.pdb	306	3	OK
1j0hA	data/stage3a_inputs/cath_benchmark/chains/1j0hA.pdb	588	5	OK
4x83D	data/stage3a_inputs/cath_benchmark/chains/4x83D.pdb	391	4	OK
2ii2A	data/stage3a_inputs/cath_benchmark/chains/2ii2A.pdb	304	2	OK
1svbA	data/stage3a_inputs/cath_benchmark/chains/1svbA.pdb	395	2	OK
6fhkA	data/stage3a_inputs/cath_benchmark/chains/6fhkA.pdb	377	4	OK
6ivzA	data/stage3a_inputs/cath_benchmark/chains/6ivzA.pdb	391	2	OK
2qtsD	data/stage3a_inputs/cath_benchmark/chains/2qtsD.pdb	415	1	OK
3n40P	data/stage3a_inputs/cath_benchmark/chains/3n40P.pdb	401	4	OK
1uz5A	data/stage3a_inputs/cath_benchmark/chains/1uz5A.pdb	391	4	OK
4hizA	data/stage3a_inputs/cath_benchmark/chains/4hizA.pdb	658	6	OK
2zpaA	data/stage3a_inputs/cath_benchmark/chains/2zpaA.pdb	658	6	OK
