block	start_col	end_col	rt_interval	retron_feature	match_states	first_state	last_state
1	68	79	RT0-RT1	PENDING_FIGURE	12	68	79
2	96	103	RT0-RT1	PENDING_FIGURE	8	86	93
3	178	182	RT0-RT1	PENDING_FIGURE	5	101	105
4	224	228	RT1/RT2_boundary	PENDING_FIGURE	5	111	115
5	247	250	RT2-RT3a	PENDING_FIGURE	4	116	119
6	258	268	RT2-RT3a	PENDING_FIGURE	11	122	132
7	273	279	RT2-RT3a	PENDING_FIGURE	7	135	141
8	324	331	RT2-RT3a	PENDING_FIGURE	8	143	150
9	380	384	RT2-RT3a	regionX	5	153	157
10	388	391	RT2-RT3a	PENDING_FIGURE	4	158	161
11	435	438	RT2-RT3a	PENDING_FIGURE	4	162	165
12	453	458	RT2-RT3a	PENDING_FIGURE	6	170	175
13	460	463	RT2-RT3a	PENDING_FIGURE	4	176	179
14	487	490	RT2-RT3a	PENDING_FIGURE	4	183	186
15	494	497	RT2-RT3a	PENDING_FIGURE	4	189	192
16	507	510	RT2-RT3a	PENDING_FIGURE	4	193	196
17	529	533	RT2-RT3a	PENDING_FIGURE	5	197	201
18	543	548	RT2-RT3a	PENDING_FIGURE	6	202	207
19	856	860	RT4	RT4_GII_only	5	219	223
20	881	888	RT4a	PENDING_FIGURE	8	225	232
21	976	981	RT4a	PENDING_FIGURE	6	239	244
22	1080	1086	RT4a	PENDING_FIGURE	6	245	250
23	1097	1103	RT5	RT5	7	251	257
24	1126	1129	RT6	PENDING_FIGURE	4	261	264
25	1163	1170	RT6	PENDING_FIGURE	8	267	274
26	1192	1195	RT6	PENDING_FIGURE	4	275	278
27	1213	1216	RT6	PENDING_FIGURE	4	281	284
28	1242	1247	RT6	PENDING_FIGURE	6	290	295
29	1297	1305	RT7	regionY	9	296	304
#HMM	LENG=465	state1_col=1	state465_col=1466
#states_upstream_of_block1(col<68)	67
#states_downstream_of_block29(col>1305)	161
